src	src_name	tgt	tgt_name	pred_id	pred_name	kind	tgt_can	pred
122	(−)-usnic acid	57266	(−)-usnic acid(2−)	122	(−)-usnic acid	rules miss the change	CC(=O)C1=C([O-])C=C2Oc3c(C(C)=O)c(O)c(C)c([O-])c3[C@]2(C)C1=O	CC(=O)C1=C([O-])C=C2Oc3c(C(C)=O)c(O)c(C)c(O)c3[C@]2(C)C1=O
864	(<i>S</i>)-2,3,4,5-tetrahydrodipicolinic acid	16845	(<i>S</i>)-2,3,4,5-tetrahydrodipicolinate(2−)	864	(<i>S</i>)-2,3,4,5-tetrahydrodipicolinic acid	rules miss the change	O=C([O-])C1=N[C@H](C(=O)[O-])CCC1	O=C([O-])C1=[NH+][C@H](C(=O)[O-])CCC1
994	<i>cis</i>,<i>cis</i>-2-amino-3-(3-oxoprop-1-enyl)but-2-enedioate	77612	<i>cis</i>,<i>cis</i>-2-ammonio-3-(3-oxoprop-1-enyl)but-2-enedioate(1−)	994	<i>cis</i>,<i>cis</i>-2-amino-3-(3-oxoprop-1-enyl)but-2-enedioate	rules miss the change	[NH3+]/C(C(=O)[O-])=C(/C=C\C=O)C(=O)[O-]	N/C(C(=O)[O-])=C(/C=C\C=O)C(=O)[O-]
995	<i>cis</i>,<i>cis</i>-2-amino-3-(3-oxoprop-1-enyl)but-2-enedioic acid	77612	<i>cis</i>,<i>cis</i>-2-ammonio-3-(3-oxoprop-1-enyl)but-2-enedioate(1−)	994	<i>cis</i>,<i>cis</i>-2-amino-3-(3-oxoprop-1-enyl)but-2-enedioate	rules pick another ChEBI entity	[NH3+]/C(C(=O)[O-])=C(/C=C\C=O)C(=O)[O-]	N/C(C(=O)[O-])=C(/C=C\C=O)C(=O)[O-]
1135	2-hydroxy-6-(2-hydroxyphenyl)-6-oxo-<i>cis</i>,<i>cis</i>-hexa-2,4-dienoic acid	79172	2-hydroxy-6-(2-oxidophenyl)-6-oxo-<i>cis</i>,<i>cis</i>-hexa-2,4-dienoate(2−)	36538	2-hydroxy-6-(2-hydroxyphenyl)-6-oxo-<i>cis</i>,<i>cis</i>-hexa-2,4-dienoate	rules pick another ChEBI entity	O=C([O-])/C(O)=C\C=C/C(=O)c1ccccc1[O-]	O=C([O-])/C(O)=C\C=C/C(=O)c1ccccc1O
1665	3-sulfinylpyruvic acid	140699	3-sulfinatopyruvate(2−)	1665	3-sulfinylpyruvic acid	rules miss the change	O=C([O-])C(=O)CS(=O)[O-]	O=C([O-])C(=O)CS(=O)O
2082	5-hydroxyxanthotoxin	78326	5-hydroxyxanthotoxin(1−)	2082	5-hydroxyxanthotoxin	rules miss the change	COc1c2occc2c([O-])c2ccc(=O)oc12	COc1c2occc2c(O)c2ccc(=O)oc12
2247	7,8-diaminononanoic acid	58500	7,8-diaminononanoate cation	2247	7,8-diaminononanoic acid	rules miss the change	CC([NH3+])C([NH3+])CCCCCC(=O)[O-]	CC([NH3+])C(N)CCCCCC(=O)[O-]
2481	adenosylcobinamide phosphate	58502	adenosylcobinamide phosphate(1−)	2481	adenosylcobinamide phosphate	rules miss the change	CC1=C2[N]3[C@H]([C@H](CC(N)=O)[C@@]2(C)CCC(=O)NC[C@@H](C)OP(=O)([O-])[O-])[C@]2(C)[N+]4=C(C(C)=C5[N+]6=C(C=C7[N+](=C1[C@@H](CCC(N)=O)C7(C)C)[Co-2]364[CH2][C@H]1O[C@@H](n3cnc4c(N)ncnc43)[C@H](O)[C@@H]1O)[C@@H](CCC(N)=O)[C@]5(C)CC(N)=O)[C@@H](CCC(N)=O)[C@]2(C)CC(N)=O	CC1=C2[N]3[C@H]([C@H](CC(N)=O)[C@@]2(C)CCC(=O)NC[C@@H](C)OP(=O)(O)O)[C@]2(C)[N+]4=C(C(C)=C5[N+]6=C(C=C7[N+](=C1[C@@H](CCC(N)=O)C7(C)C)[Co-2]364[CH2][C@H]1O[C@@H](n3cnc4c(N)ncnc43)[C@H](O)[C@@H]1O)[C@@H](CCC(N)=O)[C@]5(C)CC(N)=O)[C@@H](CCC(N)=O)[C@]2(C)CC(N)=O
2483	adenosylcobyric acid	58504	adenosylcobyrate	2483	adenosylcobyric acid	rules miss the change	CC1=C2[N]3[C@H]([C@H](CC(N)=O)[C@@]2(C)CCC(=O)[O-])[C@]2(C)[N+]4=C(C(C)=C5[N+]6=C(C=C7[N+](=C1[C@@H](CCC(N)=O)C7(C)C)[Co-2]364[CH2][C@H]1O[C@@H](n3cnc4c(N)ncnc43)[C@H](O)[C@@H]1O)[C@@H](CCC(N)=O)[C@]5(C)CC(N)=O)[C@@H](CCC(N)=O)[C@]2(C)CC(N)=O	CC1=C2[N]3[C@H]([C@H](CC(N)=O)[C@@]2(C)CCC(=O)O)[C@]2(C)[N+]4=C(C(C)=C5[N+]6=C(C=C7[N+](=C1[C@@H](CCC(N)=O)C7(C)C)[Co-2]364[CH2][C@H]1O[C@@H](n3cnc4c(N)ncnc43)[C@H](O)[C@@H]1O)[C@@H](CCC(N)=O)[C@]5(C)CC(N)=O)[C@@H](CCC(N)=O)[C@]2(C)CC(N)=O
2485	adenylyl selenate	140726	Adenylylselenate(2-)	2485	adenylyl selenate	rules miss the change	Nc1ncnc2c1ncn2[C@@H]1O[C@H](COP(=O)([O-])O[Se](=O)(=O)[O-])[C@@H](O)[C@H]1O	Nc1ncnc2c1ncn2[C@@H]1O[C@H](COP(=O)([O-])O[Se](=O)(=O)O)[C@@H](O)[C@H]1O
2674	amodiaquine	131327	amodiaquine(1+)	2674	amodiaquine	rules miss the change	CC[NH+](CC)Cc1cc(Nc2ccnc3cc(Cl)ccc23)ccc1O	CC[NH+](CC)Cc1cc(Nc2cc[nH+]c3cc(Cl)ccc23)ccc1O
2981	baicalin	61283	baicalin(1−)	2981	baicalin	rules miss the change	O=C([O-])[C@H]1O[C@@H](Oc2cc3oc(-c4ccccc4)cc(=O)c3c(O)c2O)[C@H](O)[C@@H](O)[C@@H]1O	O=C([O-])[C@H]1O[C@@H](Oc2cc3oc(-c4ccccc4)cc(=O)c3c([O-])c2O)[C@H](O)[C@@H](O)[C@@H]1O
3556	cercosporin	146017	cercosporin(2−)	3556	cercosporin	rules miss the change	COc1c(C[C@@H](C)O)c2c3c(C[C@@H](C)O)c(OC)c(=O)c4c([O-])cc5c(c6c(cc([O-])c(c1=O)c62)OCO5)c43	COc1c(C[C@@H](C)O)c2c3c(C[C@@H](C)O)c(OC)c(=O)c4c(O)cc5c(c6c(cc(O)c(c1=O)c62)OCO5)c43
3789	cobalt-precorrin-6B	72780	cobalt-precorrin-6B(7−)	3789	cobalt-precorrin-6B	rules miss the change	C[C@]1(CC(=O)[O-])C(CCC(=O)[O-])=C2C[C@@]3(C)C(CC(=O)[O-])=C(CCC(=O)[O-])C4=[N+]3[Co-2]35[N]6C(=CC1=[N+]23)[C@@H](CCC(=O)[O-])[C@](C)(CC(=O)[O-])[C@]6(C)[C@H]1[C@H](CC(=O)[O-])[C@@](C)(CCC(=O)[O-])C(=[N+]15)C4	C[C@]1(CC(=O)O)C(CCC(=O)O)=C2C[C@@]3(C)C(CC(=O)O)=C(CCC(=O)O)C4=[N+]3[Co-2]35[N]6C(=CC1=[N+]23)[C@@H](CCC(=O)O)[C@](C)(CC(=O)O)[C@]6(C)[C@H]1[C@H](CC(=O)O)[C@@](C)(CCC(=O)O)C(=[N+]15)C4
3790	cobalt-precorrin-2	60053	cobalt-precorrin-2(8−)	3790	cobalt-precorrin-2	rules miss the change	C[C@@]1(CC(=O)[O-])C2=CC3=[N+]4C(=Cc5c(CC(=O)[O-])c(CCC(=O)[O-])c6[n]5[Co-2]45[N]2C(=CC2=[N+]5C(=C(CCC(=O)[O-])C2CC(=O)[O-])C6)[C@H]1CCC(=O)[O-])[C@@](C)(CC(=O)[O-])[C@@H]3CCC(=O)[O-]	C[C@@]1(CC(=O)O)C2=CC3=[N+]4C(=Cc5c(CC(=O)O)c(CCC(=O)O)c6[n]5[Co-2]45[N]2C(=CC2=[N+]5C(=C(CCC(=O)O)C2CC(=O)O)C6)[C@H]1CCC(=O)O)[C@@](C)(CC(=O)O)[C@@H]3CCC(=O)O
3791	cobalt-precorrin-3	60060	cobalt-precorrin-3(8−)	3791	cobalt-precorrin-3	rules miss the change	CC1=C2[N+]3=C(C=C4[N]5C(=CC6=[N+]7C(=C(CCC(=O)[O-])C6CC(=O)[O-])Cc6c(CCC(=O)[O-])c(CC(=O)[O-])c1[n]6[Co-2]573)[C@@H](CCC(=O)[O-])[C@]4(C)CC(=O)[O-])[C@@H](CCC(=O)[O-])[C@]2(C)CC(=O)[O-]	CC1=C2[N+]3=C(C=C4[N]5C(=CC6=[N+]7C(=C(CCC(=O)O)C6CC(=O)O)Cc6c(CCC(=O)O)c(CC(=O)O)c1[n]6[Co-2]573)[C@@H](CCC(=O)O)[C@]4(C)CC(=O)O)[C@@H](CCC(=O)O)[C@]2(C)CC(=O)O
3792	cobalt-precorrin-4	60061	cobalt-precorrin-4(7−)	3792	cobalt-precorrin-4	rules miss the change	CC1OC(=O)C[C@@]2(C)[C@H](CCC(=O)[O-])C3=CC4=[N+]5C(=Cc6c(CC(=O)[O-])c(CCC(=O)[O-])c7[n]6[Co-2]56[N]3C12C1=C(CC(=O)[O-])[C@@](C)(CCC(=O)[O-])C(=[N+]16)C7)[C@@H](CCC(=O)[O-])[C@]4(C)CC(=O)[O-]	CC1OC(=O)C[C@@]2(C)[C@H](CCC(=O)O)C3=CC4=[N+]5C(=Cc6c(CC(=O)O)c(CCC(=O)O)c7[n]6[Co-2]56[N]3C12C1=C(CC(=O)O)[C@@](C)(CCC(=O)O)C(=[N+]16)C7)[C@@H](CCC(=O)O)[C@]4(C)CC(=O)O
3794	cobalt-precorrin-6A	60064	cobalt-precorrin-6A(7−)	3794	cobalt-precorrin-6A	rules miss the change	C[C@]1(CC(=O)[O-])C(CCC(=O)[O-])=C2C[C@@]3(C)C(CC(=O)[O-])=C(CCC(=O)[O-])C4=[N+]3[Co-2]35[N]6C(=CC1=[N+]23)[C@@H](CCC(=O)[O-])[C@](C)(CC(=O)[O-])[C@]6(C)C1=C(CC(=O)[O-])[C@@](C)(CCC(=O)[O-])C(=[N+]15)C4	C[C@]1(CC(=O)O)C(CCC(=O)O)=C2C[C@@]3(C)C(CC(=O)O)=C(CCC(=O)O)C4=[N+]3[Co-2]35[N]6C(=CC1=[N+]23)[C@@H](CCC(=O)O)[C@](C)(CC(=O)O)[C@]6(C)C1=C(CC(=O)O)[C@@](C)(CCC(=O)O)C(=[N+]15)C4
3978	cyanin	71511	cyanin betaine	3978	cyanin	rules miss the change	[O-]c1cc(O[C@@H]2O[C@H](CO)[C@@H](O)[C@H](O)[C@H]2O)c2cc(O[C@@H]3O[C@H](CO)[C@@H](O)[C@H](O)[C@H]3O)c(-c3ccc(O)c(O)c3)[o+]c2c1	OC[C@H]1O[C@@H](Oc2cc3c(O[C@@H]4O[C@H](CO)[C@@H](O)[C@H](O)[C@H]4O)cc(O)cc3[o+]c2-c2ccc(O)c(O)c2)[C@H](O)[C@@H](O)[C@@H]1O
4593	dihydroxyfumaric acid	17795	dihydroxyfumarate(2−)	4593	dihydroxyfumaric acid	rules miss the change	O=C([O-])/C(O)=C(\O)C(=O)[O-]	O=C([O-])/C([O-])=C(\[O-])C(=O)[O-]
4775	ellagic acid	235343	ellagic acid(2−)	4775	ellagic acid	rules miss the change	O=c1oc2c(O)c([O-])cc3c(=O)oc4c(O)c([O-])cc1c4c23	O=c1oc2c(O)c(O)cc3c(=O)oc4c(O)c(O)cc1c4c23
5683	hetacillin	52059	hetacillin(1−)	5683	hetacillin	rules miss the change	CC1(C)S[C@@H]2[C@H](N3C(=O)[C@@H](c4ccccc4)NC3(C)C)C(=O)N2[C@H]1C(=O)[O-]	CC1(C)S[C@@H]2[C@H](N3C(=O)[C@@H](c4ccccc4)[NH2+]C3(C)C)C(=O)N2[C@H]1C(=O)[O-]
6752	Mepenzolate	94411	2-hydroxy-2,2-diphenylacetic acid (1,1-dimethyl-3-piperidin-1-iumyl) ester	6752	Mepenzolate	rules miss the change	C[N+]1(C)CCCC(OC(=O)C(O)(c2ccccc2)c2ccccc2)C1	C[N+]1(C)CCCC(OC(=O)C([O-])(c2ccccc2)c2ccccc2)C1
7621	norajmaline	77618	norajmaline(1+)	7621	norajmaline	rules miss the change	CC[C@H]1[C@@H]2C[C@H]3[C@@H]4Nc5ccccc5[C@]45CC([C@H]2[C@H]5O)[NH+]3[C@@H]1O	CC[C@H]1[C@@H]2C[C@H]3[C@@H]4Nc5ccccc5[C@]45C[C@@H]([C@H]2[C@H]5O)[NH+]3[C@@H]1O
8024	perindopril	78000	perindopril(1−)	8024	perindopril	rules miss the change	CCC[C@H](N[C@@H](C)C(=O)N1[C@H](C(=O)[O-])C[C@@H]2CCCC[C@@H]21)C(=O)OCC	CCC[C@H]([NH2+][C@@H](C)C(=O)N1[C@H](C(=O)[O-])C[C@@H]2CCCC[C@@H]21)C(=O)OCC
8653	pyocyanine	62220	pyocyanine(1+)	8653	pyocyanine	rules miss the change	C[n+]1c2ccccc2nc2c(O)cccc21	C[n+]1c2ccccc2nc2c([O-])cccc21
8774	ramipril	231704	ramipril(1−)	8774	ramipril	rules miss the change	CCOC(=O)[C@H](CCc1ccccc1)N[C@@H](C)C(=O)N1[C@H](C(=O)[O-])C[C@@H]2CCC[C@@H]21	CCOC(=O)[C@H](CCc1ccccc1)[NH2+][C@@H](C)C(=O)N1[C@H](C(=O)[O-])C[C@@H]2CCC[C@@H]21
8908	rubrofusarin	145894	rubrofusarin(1−)	8908	rubrofusarin	rules miss the change	COc1cc(O)c2c([O-])c3c(=O)cc(C)oc3cc2c1	COc1cc(O)c2c(O)c3c(=O)cc(C)oc3cc2c1
9215	spectinomycin	146260	spectinomycin(1+)	77315	spectinomycin(2+)	rules pick another ChEBI entity	CN[C@H]1[C@@H](O)[C@@H]([NH2+]C)[C@H](O)[C@H]2O[C@@H]3O[C@H](C)CC(=O)[C@]3(O)O[C@H]12	C[NH2+][C@@H]1[C@H](O)[C@H]([NH2+]C)[C@H]2O[C@@]3(O)C(=O)C[C@@H](C)O[C@H]3O[C@@H]2[C@H]1O
9328	sulfadiazine	33127	sulfadiazinate	9328	sulfadiazine	rules miss the change	Nc1ccc(S(=O)(=O)[N-]c2ncccn2)cc1	Nc1ccc(S(=O)(=O)Nc2ncccn2)cc1
9341	sulfinate	9341	sulfinate	29213	sulfinic acid	rules pick another ChEBI entity	O=[SH][O-]	O=[SH]O
9440	tenuazonic acid	136842	tenuazonic acid(1−)	9440	tenuazonic acid	rules miss the change	CC[C@H](C)[C@@H]1NC(=O)[C-](C(C)=O)C1=O	CC[C@H](C)[C@@H]1NC(=O)C(C(C)=O)C1=O
10836	2',3,4,4',6'-pentahydroxychalcone	77621	2',3,4,4',6'-pentahydroxychalcone(1−)	10836	2',3,4,4',6'-pentahydroxychalcone	rules miss the change	O=C(C=Cc1ccc(O)c(O)c1)c1c([O-])cc(O)cc1O	O=C(C=Cc1ccc(O)c(O)c1)c1c(O)cc(O)cc1O
11684	3,3',5'-triiodo-<small>L</small>-thyronine	57261	3,3',5'-triiodo-<small>L</small>-thyronine zwitterion	11684	3,3',5'-triiodo-<small>L</small>-thyronine	rules miss the change	[NH3+][C@@H](Cc1ccc(Oc2cc(I)c(O)c(I)c2)c(I)c1)C(=O)[O-]	[NH3+][C@@H](Cc1ccc(Oc2cc(I)c([O-])c(I)c2)c(I)c1)C(=O)[O-]
11807	5-hydroxy-6-methylpyridine-3,4-dicarboxylate	77620	5-oxido-6-methylpyridinium-3,4-dicarboxylate	11807	5-hydroxy-6-methylpyridine-3,4-dicarboxylate	rules miss the change	Cc1[nH+]cc(C(=O)[O-])c(C(=O)[O-])c1[O-]	Cc1ncc(C(=O)[O-])c(C(=O)[O-])c1O
15075	selenate	15075	selenate	18170	selenic acid	rules pick another ChEBI entity	O=[Se](=O)([O-])[O-]	O=[Se](=O)(O)O
15076	selenide	29317	selanide	15076	selenide	rules miss the change	[SeH-]	[Se-2]
15138	sulfide(2−)	29919	hydrosulfide	15138	sulfide(2−)	rules miss the change	[SH-]	[S-2]
15431	magnesium protoporphyrin	60492	magnesium protoporphyrin(2−)	15431	magnesium protoporphyrin	rules miss the change	C=CC1=C(C)C2=Cc3c(C=C)c(C)c4[n]3[Mg-2]35[n]6c(c(C)c(CCC(=O)[O-])c6=CC6=[N+]3C(=C4)C(C)=C6CCC(=O)[O-])=CC1=[N+]25	C=CC1=C(C)C2=Cc3c(C=C)c(C)c4[n]3[Mg-2]35[n]6c(c(C)c(CCC(=O)O)c6=CC6=[N+]3C(=C4)C(C)=C6CCC(=O)O)=CC1=[N+]25
15434	magnesium 13<small><sup>1</small></sup>-hydroxyprotoporphyrin 13-monomethyl ester	60489	magnesium 13<small><sup>1</small></sup>-hydroxyprotoporphyrin 13-monomethyl ester(1−)	15434	magnesium 13<small><sup>1</small></sup>-hydroxyprotoporphyrin 13-monomethyl ester	rules miss the change	C=CC1=C(C)C2=[N+]3C1=Cc1c(C)c(C(O)CC(=O)OC)c4[n]1[Mg-2]31[n]3c(c(C)c(C=C)c3=C2)=CC2=[N+]1C(=C4)C(CCC(=O)[O-])=C2C	C=CC1=C(C)C2=Cc3c(C=C)c(C)c4[n]3[Mg-2]35[n]6c(c(C)c(C(O)CC(=O)OC)c6=CC6=[N+]3C(=C4)C(C)=C6CCC(=O)O)=CC1=[N+]25
15502	5-hydroxythiophene-2-carbonyl-CoA	57358	5-hydroxythiophene-2-carbonyl-CoA(5−)	15502	5-hydroxythiophene-2-carbonyl-CoA	rules miss the change	CC(C)(COP(=O)([O-])OP(=O)([O-])OC[C@H]1O[C@@H](n2cnc3c(N)ncnc32)[C@H](O)[C@@H]1OP(=O)([O-])[O-])[C@@H](O)C(=O)NCCC(=O)NCCSC(=O)c1ccc([O-])s1	CC(C)(COP(=O)([O-])OP(=O)([O-])OC[C@H]1O[C@@H](n2cnc3c(N)ncnc32)[C@H](O)[C@@H]1OP(=O)([O-])[O-])[C@@H](O)C(=O)NCCC(=O)NCCSC(=O)c1ccc(O)s1
15510	5-hydroxy-2-furoyl-CoA	57365	5-hydroxy-2-furoyl-CoA(5−)	15510	5-hydroxy-2-furoyl-CoA	rules miss the change	CC(C)(COP(=O)([O-])OP(=O)([O-])OC[C@H]1O[C@@H](n2cnc3c(N)ncnc32)[C@H](O)[C@@H]1OP(=O)([O-])[O-])[C@@H](O)C(=O)NCCC(=O)NCCSC(=O)c1ccc([O-])o1	CC(C)(COP(=O)([O-])OP(=O)([O-])OC[C@H]1O[C@@H](n2cnc3c(N)ncnc32)[C@H](O)[C@@H]1OP(=O)([O-])[O-])[C@@H](O)C(=O)NCCC(=O)NCCSC(=O)c1ccc(O)o1
15718	2,3',4,6-tetrahydroxybenzophenone	77647	2,3',4,6-tetrahydroxybenzophenone(1−)	15718	2,3',4,6-tetrahydroxybenzophenone	rules miss the change	O=C(c1cccc(O)c1)c1c([O-])cc(O)cc1O	O=C(c1cccc(O)c1)c1c(O)cc(O)cc1O
15745	2-aminomuconic 6-semialdehyde	77634	2-aminomuconic 6-semialdehyde zwitterion	57495	2-aminomuconate 6-semialdehyde(1−)	rules pick another ChEBI entity	[NH3+]/C(=C/C=C\C=O)C(=O)[O-]	N/C(=C/C=C\C=O)C(=O)[O-]
15789	2'-<em>O</em>-methyllicodione	77642	2'-<em>O</em>-methyllicodione(1−)	15789	2'-<em>O</em>-methyllicodione	rules miss the change	COc1cc(O)ccc1C(=O)CC(=O)c1ccc([O-])cc1	COc1cc(O)ccc1C(=O)CC(=O)c1ccc(O)cc1
15795	protoaphin aglucone	77643	protoaphin aglucone(1−)	15795	protoaphin aglucone	rules miss the change	C[C@H]1O[C@H](C)[C@@H](O)C2=C1C(=O)c1c(O)cc([O-])c(-c3c4c(c(O)c5c(O)cc(O)cc35)[C@@H](C)O[C@H](C)[C@H]4O)c1C2=O	C[C@H]1O[C@H](C)[C@@H](O)C2=C1C(=O)c1c(O)cc(O)c(-c3c4c(c(O)c5c(O)cc(O)cc35)[C@@H](C)O[C@H](C)[C@H]4O)c1C2=O
15982	cob(I)alamin	60488	cob(I)alamin(1−)	15982	cob(I)alamin	rules miss the change	CC1=C2[N]3[C@@H]4[C@H](CC(N)=O)[C@@]2(C)CCC(=O)NC[C@@H](C)OP(=O)([O-])O[C@H]2[C@@H](O)[C@H](O[C@@H]2CO)n2c[n+](c5cc(C)c(C)cc52)[Co-4]325[N+]3=C1[C@@H](CCC(N)=O)C(C)(C)C3=CC1=[N+]2C(=C(C)C2=[N+]5[C@]4(C)[C@@](C)(CC(N)=O)[C@@H]2CCC(N)=O)[C@@](C)(CC(N)=O)[C@@H]1CCC(N)=O	CC1=C2[N]3[C@@H]4[C@H](CC(N)=O)[C@@]2(C)CCC(=O)NC[C@@H](C)OP(=O)(O)O[C@H]2[C@@H](O)[C@H](O[C@@H]2CO)n2c[n+](c5cc(C)c(C)cc52)[Co-4]325[N+]3=C1[C@@H](CCC(N)=O)C(C)(C)C3=CC1=[N+]2C(=C(C)C2=[N+]5[C@]4(C)[C@@](C)(CC(N)=O)[C@@H]2CCC(N)=O)[C@@](C)(CC(N)=O)[C@@H]1CCC(N)=O
16034	phosphoguanidinoacetic acid	57612	phosphonatoguanidiniumylacetate(2−)	16034	phosphoguanidinoacetic acid	rules miss the change	[NH2+]=C(NCC(=O)[O-])NP(=O)([O-])[O-]	[NH2+]=C(NCC(=O)[O-])NP(=O)(O)O
16134	ammonia	28938	ammonium	16134	ammonia	rules miss the change	[NH4+]	N
16136	hydrogen sulfide	29919	hydrosulfide	16136	hydrogen sulfide	rules miss the change	[SH-]	S
16144	selenophosphate	16144	selenophosphate	29269	selenophosphoric acid	rules pick another ChEBI entity	[O-]P([O-])([O-])=[Se]	OP(O)(O)=[Se]
16159	sulochrin	77639	sulochrin(1−)	16159	sulochrin	rules miss the change	COC(=O)c1cc(O)cc(OC)c1C(=O)c1c([O-])cc(C)cc1O	COC(=O)c1cc(O)cc(OC)c1C(=O)c1c(O)cc(C)cc1O
16200	questin	57676	questin-2-olate	16200	questin	rules miss the change	COc1cc([O-])cc2c1C(=O)c1c(O)cc(C)cc1C2=O	COc1cc(O)cc2c1C(=O)c1c(O)cc(C)cc1C2=O
16209	hypotaurocyamine	57679	hypotaurocyamine zwitterion	16209	hypotaurocyamine	rules miss the change	NC(=[NH2+])NCCS(=O)[O-]	NC(=[NH2+])NCCS(=O)O
16215	phosphonate(2−)	16215	phosphonate(2−)	44976	phosphonic acid	rules pick another ChEBI entity	O=[PH]([O-])[O-]	O=[PH](O)O
16234	hydroxide	15377	water	16234	hydroxide	rules miss the change	O	[OH-]
16299	dehydrocoformycin	76278	dehydrocoformycin(1+)	16299	dehydrocoformycin	rules miss the change	O=C1CNC=[NH+]c2c1ncn2[C@@H]1O[C@H](CO)[C@@H](O)[C@H]1O	O=C1CNC=Nc2c1ncn2[C@@H]1O[C@H](CO)[C@@H](O)[C@H]1O
16301	nitrite	16301	nitrite	25567	nitrous acid	rules pick another ChEBI entity	O=N[O-]	O=NO
16345	3-sulfino-<small>L</small>-alanine	61085	3-sulfino-<small>L</small>-alanine(1−)	16345	3-sulfino-<small>L</small>-alanine	rules miss the change	[NH3+][C@@H](CS(=O)[O-])C(=O)[O-]	[NH3+][C@@H](CS(=O)O)C(=O)[O-]
16352	4-hydroxy-1-pyrroline-2-carboxylic acid	57745	4-hydroxy-1-pyrroline-2-carboxylate	16352	4-hydroxy-1-pyrroline-2-carboxylic acid	rules miss the change	O=C([O-])C1=NCC(O)C1	O=C([O-])C1=[NH+]CC(O)C1
16483	isonocardicin A	77633	isonocardicin A(2−)	57788	isonocardicin A(1−)	rules pick another ChEBI entity	[NH3+][C@@H](CCOc1ccc(/C(=N/[O-])C(=O)N[C@H]2CN([C@@H](C(=O)[O-])c3ccc(O)cc3)C2=O)cc1)C(=O)[O-]	[NH3+][C@@H](CCOc1ccc(/C(=N/O)C(=O)N[C@H]2CN([C@@H](C(=O)[O-])c3ccc(O)cc3)C2=O)cc1)C(=O)[O-]
16503	selane	29317	selanide	16503	selane	rules miss the change	[SeH-]	[SeH2]
16504	monodehydro-<small>L</small>-ascorbic acid	59513	monodehydro-<small>L</small>-ascorbate(1−)	16504	monodehydro-<small>L</small>-ascorbic acid	rules miss the change	[O]C1=C([O-])C(=O)O[C@@H]1[C@@H](O)CO	[O]C1=C(O)C(=O)O[C@@H]1[C@@H](O)CO
16596	cyanidin 3-<em>O</em>-rutinoside 5-<em>O</em>-β-<small>D</small>-glucoside	57830	cyanidin 3-<em>O</em>-rutinoside 5-<em>O</em>-β-<small>D</small>-glucoside betaine	16596	cyanidin 3-<em>O</em>-rutinoside 5-<em>O</em>-β-<small>D</small>-glucoside	rules miss the change	C[C@@H]1O[C@@H](OC[C@H]2O[C@@H](Oc3cc4c(O[C@@H]5O[C@H](CO)[C@@H](O)[C@H](O)[C@H]5O)cc([O-])cc4[o+]c3-c3ccc(O)c(O)c3)[C@H](O)[C@@H](O)[C@@H]2O)[C@H](O)[C@H](O)[C@H]1O	C[C@@H]1O[C@@H](OC[C@H]2O[C@@H](Oc3cc4c(O[C@@H]5O[C@H](CO)[C@@H](O)[C@H](O)[C@H]5O)cc(O)cc4[o+]c3-c3ccc(O)c(O)c3)[C@H](O)[C@@H](O)[C@@H]2O)[C@H](O)[C@H](O)[C@H]1O
16621	<em>N</em>-phosphotaurocyamine	57838	<em>N</em>-phosphonatotaurocyamine(2−)	16621	<em>N</em>-phosphotaurocyamine	rules miss the change	[NH2+]=C(NCCS(=O)(=O)[O-])NP(=O)([O-])[O-]	[NH2+]=C(NCCS(=O)(=O)[O-])NP(=O)(O)O
16668	hypotaurine	57853	hypotaurine zwitterion	16668	hypotaurine	rules miss the change	[NH3+]CCS(=O)[O-]	[NH3+]CCS(=O)O
16673	protochlorophyllide	83350	protochlorophyllide(2−)	16673	protochlorophyllide	rules miss the change	C=Cc1c(C)c2[n]3c1=CC1=[N+]4C(=Cc5c(C)c6c7[n]5[Mg-2]34[N+]3=C(C=2)C(C)=C(CCC(=O)[O-])C3=C7[C-](C(=O)OC)C6=O)C(CC)=C1C	C=Cc1c(C)c2[n]3c1=CC1=[N+]4C(=Cc5c(C)c6c7[n]5[Mg-2]34[N+]3=C(C=2)C(C)=C(CCC(=O)O)C3=C7[C@@H](C(=O)OC)C6=O)C(CC)=C1C
16900	chlorophyllide <em>a</em>	83348	chlorophyllide <em>a</em>(2−)	16900	chlorophyllide <em>a</em>	rules miss the change	C=Cc1c(C)c2[n]3c1=CC1=[N+]4C(=Cc5c(C)c6c7[n]5[Mg-2]34[N+]3=C(C=2)[C@@H](C)[C@H](CCC(=O)[O-])C3=C7[C-](C(=O)OC)C6=O)C(CC)=C1C	C=Cc1c(C)c2[n]3c1C=C1C(C)=C(CC)C4=[N+]1[Mg-2]31[n]3c(c(C)c5c3=C(C3=[N+]1C(=C2)[C@@H](C)[C@@H]3CCC(=O)O)[C@@H](C(=O)OC)C5=O)=C4
16989	2-(carboxymethyl)-5-oxo-2,5-dihydro-3-furoic acid	57976	2-(carboxylatomethyl)-5-oxo-2,5-dihydrofuran-2-ide-3-carboxylate	16989	2-(carboxymethyl)-5-oxo-2,5-dihydro-3-furoic acid	rules miss the change	O=C([O-])C[c-]1oc(=O)cc1C(=O)[O-]	O=C([O-])CC1OC(=O)C=C1C(=O)[O-]
17123	2-aminoacrylic acid	76565	2-ammonioprop-2-enoate	58020	2-aminoacrylate	rules pick another ChEBI entity	C=C([NH3+])C(=O)[O-]	C=C(N)C(=O)[O-]
17137	hydrogensulfite	17359	sulfite	48854	sulfurous acid	rules pick another ChEBI entity	O=S([O-])[O-]	O=S(O)O
17242	dehydroascorbic acid	58070	dehydroascorbide(1−)	17242	dehydroascorbic acid	rules miss the change	O=C1O[C-](C(O)CO)C(=O)C1=O	O=C1OC(C(O)CO)C(=O)C1=O
17322	chloric acid	49709	chlorate	17322	chloric acid	rules miss the change	[O-][Cl+2]([O-])[O-]	[O-][Cl+2]([O-])O
17358	<em>N</em><small><sup>4</small></sup>-phosphoagmatine	58119	<em>N</em><small><sup>4</small></sup>-phosphonatoagmatine(1−)	17358	<em>N</em><small><sup>4</small></sup>-phosphoagmatine	rules miss the change	NC(=[NH2+])NCCCCNP(=O)([O-])[O-]	NC(=[NH2+])NCCCCNP(=O)(O)O
17359	sulfite	17359	sulfite	48854	sulfurous acid	rules pick another ChEBI entity	O=S([O-])[O-]	O=S(O)O
17377	bergaptol	77728	bergaptol(1−)	17377	bergaptol	rules miss the change	O=c1ccc2c([O-])c3ccoc3cc2o1	O=c1ccc2c(O)c3ccoc3cc2o1
17433	queuine	17433	queuine	77674	queuine(1+)	rules pick another ChEBI entity	NC1=NC(=O)C2=C(CN[C@H]3C=C[C@H](O)[C@@H]3O)C=NC2=N1	NC1=NC(=O)C2=C(C[NH2+][C@H]3C=C[C@H](O)[C@@H]3O)C=NC2=N1
17441	chlorite	17441	chlorite	29219	chlorous acid	rules pick another ChEBI entity	[O-][Cl+][O-]	[O-][Cl+]O
17520	phenylthioacetohydroximic acid	58176	phenylthioacetohydroximate	17520	phenylthioacetohydroximic acid	rules miss the change	O/N=C(\[S-])Cc1ccccc1	O/N=C(\S)Cc1ccccc1
17627	ferroheme <em>b</em>	60344	ferroheme <em>b</em>(2−)	17627	ferroheme <em>b</em>	rules miss the change	C=CC1=C(C)C2=Cc3c(C=C)c(C)c4[n]3[Fe-2]35[n]6c(c(C)c(CCC(=O)[O-])c6=CC6=[N+]3C(=C4)C(C)=C6CCC(=O)[O-])=CC1=[N+]25	C=CC1=C(C)C2=Cc3c(C=C)c(C)c4[n]3[Fe-2]35[n]6c(c(C)c(CCC(=O)O)c6=CC6=[N+]3C(=C4)C(C)=C6CCC(=O)O)=CC1=[N+]25
17679	5-hydroxybenzimidazolylcob(I)amide	60494	5-hydroxybenzimidazolylcob(I)amide(1−)	17679	5-hydroxybenzimidazolylcob(I)amide	rules miss the change	CC1=C2[N]3[C@@H]4[C@H](CC(N)=O)[C@@]2(C)CCC(=O)NC[C@@H](C)OP(=O)([O-])O[C@H]2[C@@H](O)[C@H](O[C@@H]2CO)n2c[n+](c5cc(O)ccc52)[Co-4]325[N+]3=C1[C@@H](CCC(N)=O)C(C)(C)C3=CC1=[N+]2C(=C(C)C2=[N+]5[C@]4(C)[C@@](C)(CC(N)=O)[C@@H]2CCC(N)=O)[C@@](C)(CC(N)=O)[C@@H]1CCC(N)=O	CC1=C2[N]3[C@@H]4[C@H](CC(N)=O)[C@@]2(C)CCC(=O)NC[C@@H](C)OP(=O)(O)O[C@H]2[C@@H](O)[C@H](O[C@@H]2CO)n2c[n+](c5cc(O)ccc52)[Co-4]325[N+]3=C1[C@@H](CCC(N)=O)C(C)(C)C3=CC1=[N+]2C(=C(C)C2=[N+]5[C@]4(C)[C@@](C)(CC(N)=O)[C@@H]2CCC(N)=O)[C@@](C)(CC(N)=O)[C@@H]1CCC(N)=O
17711	nocardicin A	77658	nocardicin A(2−)	58244	nocardicin A(1−)	rules pick another ChEBI entity	[NH3+][C@H](CCOc1ccc(/C(=N/[O-])C(=O)N[C@H]2CN([C@@H](C(=O)[O-])c3ccc(O)cc3)C2=O)cc1)C(=O)[O-]	[NH3+][C@H](CCOc1ccc(/C(=N/O)C(=O)N[C@H]2CN([C@@H](C(=O)[O-])c3ccc(O)cc3)C2=O)cc1)C(=O)[O-]
17830	7,8-diaminononanoate	58500	7,8-diaminononanoate cation	17830	7,8-diaminononanoate	rules miss the change	CC([NH3+])C([NH3+])CCCCCC(=O)[O-]	CC([NH3+])C(N)CCCCCC(=O)[O-]
17876	rifamycin B	58306	rifamycin B(2−)	17876	rifamycin B	rules miss the change	CO[C@H]1/C=C/O[C@@]2(C)Oc3c(C)c([O-])c4c(O)c(cc(OCC(=O)[O-])c4c3C2=O)NC(=O)/C(C)=C\C=C\[C@H](C)[C@H](O)[C@@H](C)[C@@H](O)[C@@H](C)[C@H](OC(C)=O)[C@@H]1C	CO[C@H]1/C=C/O[C@@]2(C)Oc3c(C)c(O)c4c(O)c(cc(OCC(=O)[O-])c4c3C2=O)NC(=O)/C(C)=C\C=C\[C@H](C)[C@H](O)[C@@H](C)[C@@H](O)[C@@H](C)[C@H](OC(C)=O)[C@@H]1C
17883	hydrogen chloride	17996	chloride	17883	hydrogen chloride	rules miss the change	[Cl-]	Cl
17926	hydrogenobyrinic acid	77873	hydrogenobyrinate(4−)	17926	hydrogenobyrinic acid	rules miss the change	C/C1=C2/[NH+]=C(/C=C3\[NH+]=C(/C(C)=C4\N[C@@](C)([C@@H]5[NH+]=C1[C@](C)(CCC(=O)[O-])[C@H]5CC(=O)[O-])[C@@](C)(CC(=O)[O-])[C@@H]4CCC(=O)[O-])[C@@](C)(CC(=O)[O-])[C@@H]3CCC(=O)[O-])C(C)(C)[C@@H]2CCC(=O)[O-]	C/C1=C2/N=C(/C=C3\N=C(/C(C)=C4\N[C@@](C)([C@@H]5N=C1[C@](C)(CCC(=O)[O-])[C@H]5CC(=O)[O-])[C@@](C)(CC(=O)[O-])[C@@H]4CCC(=O)[O-])[C@@](C)(CC(=O)[O-])[C@@H]3CCC(=O)[O-])C(C)(C)[C@@H]2CCC(=O)[O-]
17978	5-hydroxy-6-methylpyridine-3,4-dicarboxylic acid	77620	5-oxido-6-methylpyridinium-3,4-dicarboxylate	11807	5-hydroxy-6-methylpyridine-3,4-dicarboxylate	rules pick another ChEBI entity	Cc1[nH+]cc(C(=O)[O-])c(C(=O)[O-])c1[O-]	Cc1ncc(C(=O)[O-])c(C(=O)[O-])c1O
17993	3-(3,4-dihydroxypyridinium-1-yl)-<small>L</small>-alanine	77848	3-(3,4-dihydroxypyridinium-1-yl)-<small>L</small>-alanine zwitterion	17993	3-(3,4-dihydroxypyridinium-1-yl)-<small>L</small>-alanine	rules miss the change	[NH3+][C@@H](C[n+]1ccc(O)c([O-])c1)C(=O)[O-]	[NH3+][C@@H](C[n+]1ccc(O)c(O)c1)C(=O)[O-]
18003	2-hydroxy-3-(3-oxoprop-1-enyl)but-2-enedioic acid	58346	2-hydroxy-3-(3-oxoprop-1-enyl)but-2-enedioate	18003	2-hydroxy-3-(3-oxoprop-1-enyl)but-2-enedioic acid	rules miss the change	O=C/C=C/C(C(=O)[O-])=C(/O)C(=O)[O-]	O=C/C=C/C(C(=O)[O-])=C(/[O-])C(=O)[O-]
18039	<em>N</em>-phospho-<small>L</small>-lombricine	58356	<em>N</em>-phosphonato-<small>L</small>-lombricine(2−)	18039	<em>N</em>-phospho-<small>L</small>-lombricine	rules miss the change	[NH2+]=C(NCCOP(=O)([O-])OC[C@H]([NH3+])C(=O)[O-])NP(=O)([O-])[O-]	[NH2+]=C(NCCOP(=O)([O-])OC[C@H]([NH3+])C(=O)[O-])NP(=O)(O)O
18042	(<i>S</i>)-2,3-dihydrodipicolinic acid	30620	(<i>S</i>)-2,3-dihydrodipicolinate(2−)	18042	(<i>S</i>)-2,3-dihydrodipicolinic acid	rules miss the change	O=C([O-])C1=N[C@H](C(=O)[O-])CC=C1	O=C([O-])C1=[NH+][C@H](C(=O)[O-])CC=C1
18082	1,2,3,4,6-pentakis-<em>O</em>-galloyl-β-<small>D</small>-glucose	145902	1,2,3,4,6-pentakis-<em>O</em>-galloyl-β-<small>D</small>-glucose(1−)	18082	1,2,3,4,6-pentakis-<em>O</em>-galloyl-β-<small>D</small>-glucose	rules miss the change	O=C(OC[C@H]1O[C@@H](OC(=O)c2cc(O)c([O-])c(O)c2)[C@H](OC(=O)c2cc(O)c(O)c(O)c2)[C@@H](OC(=O)c2cc(O)c(O)c(O)c2)[C@@H]1OC(=O)c1cc(O)c(O)c(O)c1)c1cc(O)c(O)c(O)c1	O=C(OC[C@H]1O[C@@H](OC(=O)c2cc(O)c(O)c(O)c2)[C@H](OC(=O)c2cc(O)c(O)c(O)c2)[C@@H](OC(=O)c2cc(O)c(O)c(O)c2)[C@@H]1OC(=O)c1cc(O)c(O)c(O)c1)c1cc(O)c(O)c(O)c1
18131	licodione	77711	licodione(1−)	18131	licodione	rules miss the change	O=C(CC(=O)c1ccc(O)cc1O)c1ccc([O-])cc1	O=C(CC(=O)c1ccc(O)cc1O)c1ccc(O)cc1
18170	selenic acid	15075	selenate	18170	selenic acid	rules miss the change	O=[Se](=O)([O-])[O-]	O=[Se](=O)(O)O
18212	selenite(2−)	18212	selenite(2−)	26642	selenous acid	rules pick another ChEBI entity	O=[Se]([O-])[O-]	O=[Se](O)O
18218	2'-hydroxybiphenyl-2-sulfinate	18218	2'-hydroxybiphenyl-2-sulfinate	44576	2'-hydroxybiphenyl-2-sulfinic acid	rules pick another ChEBI entity	O=S([O-])c1ccccc1-c1ccccc1O	O=S(O)c1ccccc1-c1ccccc1O
18230	chlorophyll <em>a</em>	58416	chlorophyll <em>a</em>(1−)	18230	chlorophyll <em>a</em>	rules miss the change	C=Cc1c(C)c2[n]3c1C=C1C(C)=C(CC)C4=[N+]1[Mg-2]31[n]3c(c(C)c5c3=C(C3=[N+]1C(=C2)[C@@H](C)[C@@H]3CCC(=O)OC/C=C(\C)CCC[C@H](C)CCC[C@H](C)CCCC(C)C)[C-](C(=O)OC)C5=O)=C4	C=Cc1c(C)c2[n]3c1C=C1C(C)=C(CC)C4=[N+]1[Mg-2]31[n]3c(c(C)c5c3=C(C3=[N+]1C(=C2)[C@@H](C)[C@@H]3CCC(=O)OC/C=C(\C)CCC[C@H](C)CCC[C@H](C)CCCC(C)C)[C@@H](C(=O)OC)C5=O)=C4
18231	arsenic acid	48597	arsenate(2−)	48600	arsenate(1−)	rules pick another ChEBI entity	O=[As]([O-])([O-])O	O=[As]([O-])(O)O
18301	(2<i>Z</i>,4<i>E</i>)-4-hydroxymuconic semialdehyde	58434	(2<i>Z</i>,4<i>E</i>)-4-hydroxymuconic semialdehyde(1−)	18301	(2<i>Z</i>,4<i>E</i>)-4-hydroxymuconic semialdehyde	rules miss the change	O=C/C=C(O)\C=C/C(=O)[O-]	O=C/C=C([O-])\C=C/C(=O)[O-]
18332	<small>L</small>-thyroxine	58448	<small>L</small>-thyroxine zwitterion	18332	<small>L</small>-thyroxine	rules miss the change	[NH3+][C@@H](Cc1cc(I)c(Oc2cc(I)c(O)c(I)c2)c(I)c1)C(=O)[O-]	[NH3+][C@@H](Cc1cc(I)c(Oc2cc(I)c([O-])c(I)c2)c(I)c1)C(=O)[O-]
18412	<em>N</em><small><sup>ω</small></sup>-phospho-<small>L</small>-arginine	58477	<em>N</em><small><sup>ω</small></sup>-phosphonato-<small>L</small>-arginine	18412	<em>N</em><small><sup>ω</small></sup>-phospho-<small>L</small>-arginine	rules miss the change	[NH2+]=C(NCCC[C@H]([NH3+])C(=O)[O-])NP(=O)([O-])[O-]	[NH2+]=C(NCCC[C@H]([NH3+])C(=O)[O-])NP(=O)(O)O
18421	superoxide	18421	superoxide	25935	hydroperoxyl	rules pick another ChEBI entity	[O][O-]	[O]O
19092	1-pyrroline	36781	1-pyrrolinium	19092	1-pyrroline	rules miss the change	C1=[NH+]CCC1	C1=NCCC1
19448	2-amino-3-(3-oxoprop-1-enyl)but-2-enedioic acid	77803	2-ammonio-3-(3-oxoprop-1-enyl)but-2-enedioate(1−)	29044	2-amino-3-(3-oxoprop-1-enyl)but-2-enedioate	rules pick another ChEBI entity	[NH3+]C(C(=O)[O-])=C(C=CC=O)C(=O)[O-]	NC(C(=O)[O-])=C(C=CC=O)C(=O)[O-]
20013	3-<em>epi</em>-3-hydroxymugineic acid	58488	3-<em>epi</em>-3-hydroxymugineate(2−)	20013	3-<em>epi</em>-3-hydroxymugineic acid	rules miss the change	O=C([O-])[C@@H]([NH2+]CC[C@H](O)C(=O)[O-])[C@@H](O)CN1C[C@H](O)[C@H]1C(=O)[O-]	O=C([O-])[C@@H]([NH2+]CC[C@H](O)C(=O)[O-])[C@@H](O)C[NH+]1C[C@H](O)[C@H]1C(=O)[O-]
23234	dichromic acid	33141	dichromate(2−)	23234	dichromic acid	rules miss the change	[O]=[Cr](=[O])([O-])[O][Cr](=[O])(=[O])[O-]	[O]=[Cr](=[O])([OH])[O][Cr](=[O])(=[O])[OH]
24857	iodic acid	29226	iodate	24857	iodic acid	rules miss the change	[O-][I+2]([O-])[O-]	[O-][I+2]([O-])O
25371	molybdic acid	36264	molybdate	25371	molybdic acid	rules miss the change	[O]=[Mo](=[O])([O-])[O-]	[O]=[Mo](=[O])([OH])[OH]
25548	nitrilotriacetate(3−)	25548	nitrilotriacetate(3−)	39057	2,2',2''-ammoniotriacetate	rules pick another ChEBI entity	O=C([O-])CN(CC(=O)[O-])CC(=O)[O-]	O=C([O-])C[NH+](CC(=O)[O-])CC(=O)[O-]
25682	<em>N</em><small><sup>ω</small></sup>,<em>N</em>'<small><sup>ω</small></sup>-dimethyl-<small>L</small>-arginine	197308	<em>N</em><small><sup>ω</small></sup>,<em>N</em><small><sup>'ω</small></sup>-dimethyl-<small>L</small>-argininium(1+)	25682	<em>N</em><small><sup>ω</small></sup>,<em>N</em>'<small><sup>ω</small></sup>-dimethyl-<small>L</small>-arginine	rules miss the change	CN/C(NCCC[C@H]([NH3+])C(=O)[O-])=[NH+]\C	CN/C(NCCC[C@H]([NH3+])C(=O)[O-])=[NH+]/C
25863	pelargonidin	144777	pelargonidin(1−)	25863	pelargonidin	rules miss the change	[O-]c1cc2c([O-])cc(O)cc2[o+]c1-c1ccc(O)cc1	Oc1ccc(-c2[o+]c3cc(O)cc(O)c3cc2O)cc1
25935	hydroperoxyl	18421	superoxide	25935	hydroperoxyl	rules miss the change	[O][O-]	[O]O
25941	peroxynitrite	25941	peroxynitrite	25942	peroxynitrous acid	rules pick another ChEBI entity	O=NO[O-]	O=NOO
25942	peroxynitrous acid	25941	peroxynitrite	25942	peroxynitrous acid	rules miss the change	O=NO[O-]	O=NOO
26642	selenous acid	18212	selenite(2−)	26642	selenous acid	rules miss the change	O=[Se]([O-])[O-]	O=[Se](O)O
27273	vanadic acid	35169	dihydrogenvanadate	27273	vanadic acid	rules miss the change	[O]=[V]([O-])([OH])[OH]	[O]=[V]([OH])([OH])[OH]
27381	2,2',3-trihydroxydiphenyl ether	79174	2,2',3-trihydroxydiphenyl ether(2−)	27381	2,2',3-trihydroxydiphenyl ether	rules miss the change	[O-]c1ccccc1Oc1cccc(O)c1[O-]	Oc1ccccc1Oc1cccc(O)c1O
27504	mitomycin C	194095	mitomycin C(1−)	27504	mitomycin C	rules miss the change	CO[C@@]12[C-](COC(N)=O)C3=C(C(=O)C(C)=C(N)C3=O)N1C[C@@H]1N[C@@H]12	CO[C@@]12[C@H](COC(N)=O)C3=C(C(=O)C(C)=C(N)C3=O)N1C[C@@H]1[NH2+][C@@H]12
27513	precorrin-6X	77872	precorrin-6A(7−)	58513	precorrin-6X(8−)	rules pick another ChEBI entity	C[C@]1(CCC(=O)[O-])C2=NC(=C1CC(=O)[O-])[C@]1(C)N/C(=C\C3=[NH+]C(=C(CCC(=O)[O-])[C@]3(C)CC(=O)[O-])C[C@]3(C)N=C(C2)C(CCC(=O)[O-])=C3CC(=O)[O-])[C@@H](CCC(=O)[O-])[C@]1(C)CC(=O)[O-]	C[C@]1(CCC(=O)[O-])C2=NC(=C1CC(=O)[O-])[C@]1(C)N/C(=C\C3=NC(=C(CCC(=O)[O-])[C@]3(C)CC(=O)[O-])C[C@]3(C)N=C(C2)C(CCC(=O)[O-])=C3CC(=O)[O-])[C@@H](CCC(=O)[O-])[C@]1(C)CC(=O)[O-]
27626	3,4-dehydrothiomorpholine-3-carboxylic acid	58517	3,4-dehydrothiomorpholine-3-carboxylate	27626	3,4-dehydrothiomorpholine-3-carboxylic acid	rules miss the change	O=C([O-])C1=NCCSC1	O=C([O-])C1=[NH+]CCSC1
27644	chlortetracycline	133598	chlortetracycline(1−)	27644	chlortetracycline	rules miss the change	C[NH+](C)[C@@H]1C([O-])=C(C(N)=O)C(=O)[C@@]2(O)C(O)=C3C(=O)c4c([O-])ccc(Cl)c4[C@@](C)(O)[C@H]3C[C@@H]12	C[NH+](C)[C@@H]1C([O-])=C(C(N)=O)C(=O)[C@@]2(O)C([O-])=C3C(=O)c4c(O)ccc(Cl)c4[C@@](C)(O)[C@H]3C[C@@H]12
27690	acetazolamide	50634	acetazolamide(1−)	27690	acetazolamide	rules miss the change	CC(=O)Nc1nnc(S([NH-])(=O)=O)s1	CC(=O)Nc1nnc(S(N)(=O)=O)s1
27834	pentostatin	229687	pentostatin(1+)	27834	pentostatin	rules miss the change	OC[C@H]1O[C@@H](n2cnc3c2[NH+]=CNC[C@H]3O)C[C@@H]1O	OC[C@H]1O[C@@H](n2cnc3c2N=CNC[C@H]3O)C[C@@H]1O
27843	cyanidin cation	71682	cyanidin(1−)	27843	cyanidin cation	rules miss the change	[O-]c1cc2c([O-])cc(O)cc2[o+]c1-c1ccc(O)c(O)c1	Oc1cc(O)c2cc(O)c(-c3ccc(O)c(O)c3)[o+]c2c1
27888	chlorophyll <em>b</em>	61721	chlorophyll <em>b</em>(1−)	27888	chlorophyll <em>b</em>	rules miss the change	C=Cc1c(C)c2[n]3c1=CC1=[N+]4C(=Cc5c(C)c6c7[n]5[Mg-2]34[N+]3=C(C=2)[C@@H](C)[C@H](CCC(=O)OC/C=C(\C)CCC[C@H](C)CCC[C@H](C)CCCC(C)C)C3=C7[C-](C(=O)OC)C6=O)C(CC)=C1C=O	C=Cc1c(C)c2[n]3c1C=C1C(C=O)=C(CC)C4=[N+]1[Mg-2]31[n]3c(c(C)c5c3=C(C3=[N+]1C(=C2)[C@@H](C)[C@@H]3CCC(=O)OC/C=C(\C)CCC[C@H](C)CCC[C@H](C)CCCC(C)C)[C@@H](C(=O)OC)C5=O)=C4
27898	cyanidin 3-<em>O</em>-(6-<em>O</em>-glucosyl-2-<em>O</em>-xylosylgalactoside)	77771	cyanidin 3-<em>O</em>-(6-<em>O</em>-glucosyl-2-<em>O</em>-xylosylgalactoside) betaine	27898	cyanidin 3-<em>O</em>-(6-<em>O</em>-glucosyl-2-<em>O</em>-xylosylgalactoside)	rules miss the change	[O-]c1cc(O)cc2[o+]c(-c3ccc(O)c(O)c3)c(O[C@@H]3O[C@H](CO[C@@H]4O[C@H](CO)[C@@H](O)[C@H](O)[C@H]4O)[C@H](O)[C@H](O)[C@H]3O[C@@H]3OC[C@@H](O)[C@H](O)[C@H]3O)cc12	OC[C@H]1O[C@@H](OC[C@H]2O[C@@H](Oc3cc4c(O)cc(O)cc4[o+]c3-c3ccc(O)c(O)c3)[C@H](O[C@@H]3OC[C@@H](O)[C@H](O)[C@H]3O)[C@@H](O)[C@H]2O)[C@H](O)[C@@H](O)[C@@H]1O
27902	tetracycline	77932	tetracycline zwitterion	71392	tetracycline(1−)	rules pick another ChEBI entity	C[NH+](C)[C@@H]1C([O-])=C(C(N)=O)C(=O)[C@@]2(O)C(O)=C3C(=O)c4c(O)cccc4[C@@](C)(O)[C@H]3C[C@@H]12	C[NH+](C)[C@@H]1C([O-])=C(C(N)=O)C(=O)[C@@]2(O)C([O-])=C3C(=O)c4c(O)cccc4[C@@](C)(O)[C@H]3C[C@@H]12
27914	hydrogenobyrinic acid <em>a</em>,<em>c</em>-diamide	77874	hydrogenobyrinic acid <em>a</em>,<em>c</em>-diamide(2−)	27914	hydrogenobyrinic acid <em>a</em>,<em>c</em>-diamide	rules miss the change	C/C1=C2/[NH+]=C(/C=C3\[NH+]=C(/C(C)=C4\N[C@@](C)([C@@H]5[NH+]=C1[C@](C)(CCC(=O)[O-])[C@H]5CC(=O)[O-])[C@@](C)(CC(N)=O)[C@@H]4CCC(=O)[O-])[C@@](C)(CC(N)=O)[C@@H]3CCC(=O)[O-])C(C)(C)[C@@H]2CCC(=O)[O-]	C/C1=C2/N=C(/C=C3\N=C(/C(C)=C4\N[C@@](C)([C@@H]5N=C1[C@](C)(CCC(=O)[O-])[C@H]5CC(=O)[O-])[C@@](C)(CC(N)=O)[C@@H]4CCC(=O)[O-])[C@@](C)(CC(N)=O)[C@@H]3CCC(=O)[O-])C(C)(C)[C@@H]2CCC(=O)[O-]
27915	melamine	77798	melamine(1+)	27915	melamine	rules miss the change	Nc1nc(N)[nH+]c(N)n1	Nc1nc(N)nc(N)n1
27956	<small>L</small>-dehydroascorbic acid	58539	<small>L</small>-dehydroascorbate	27956	<small>L</small>-dehydroascorbic acid	rules miss the change	O=C1O[C-]([C@@H](O)CO)C(=O)C1=O	O=C1O[C@H]([C@@H](O)CO)C(=O)C1=O
28024	cyanic acid	29195	cyanate	28024	cyanic acid	rules miss the change	N#C[O-]	N#CO
28064	cyanidin 3-<em>O</em>-rutinoside	58546	cyanidin 3-<em>O</em>-rutinoside betaine	28064	cyanidin 3-<em>O</em>-rutinoside	rules miss the change	C[C@@H]1O[C@@H](OC[C@H]2O[C@@H](Oc3cc4c([O-])cc(O)cc4[o+]c3-c3ccc(O)c(O)c3)[C@H](O)[C@@H](O)[C@@H]2O)[C@H](O)[C@H](O)[C@H]1O	C[C@@H]1O[C@@H](OC[C@H]2O[C@@H](Oc3cc4c(O)cc(O)cc4[o+]c3-c3ccc(O)c(O)c3)[C@H](O)[C@@H](O)[C@@H]2O)[C@H](O)[C@H](O)[C@H]1O
28077	rifampicin	71365	rifampicin zwitterion	28077	rifampicin	rules miss the change	CO[C@H]1/C=C/O[C@@]2(C)Oc3c(C)c([O-])c4c(O)c(c(/C=N/N5CC[NH+](C)CC5)c(O)c4c3C2=O)NC(=O)/C(C)=C\C=C\[C@H](C)[C@H](O)[C@@H](C)[C@@H](O)[C@@H](C)[C@H](OC(C)=O)[C@@H]1C	CO[C@H]1/C=C/O[C@@]2(C)Oc3c(C)c(O)c4c(O)c(c(/C=N/N5CC[NH+](C)CC5)c(O)c4c3C2=O)NC(=O)/C(C)=C\C=C\[C@H](C)[C@H](O)[C@@H](C)[C@@H](O)[C@@H](C)[C@H](OC(C)=O)[C@@H]1C
28233	2,4,6-trihydroxybenzophenone	77765	2,4,6-trihydroxybenzophenone(1−)	28233	2,4,6-trihydroxybenzophenone	rules miss the change	O=C(c1ccccc1)c1c([O-])cc(O)cc1O	O=C(c1ccccc1)c1c(O)cc(O)cc1O
28265	coenzyme F<small><sub>430</sub></small>	60540	coenzyme F<small><sub>430</sub></small>(4−)	28265	coenzyme F<small><sub>430</sub></small>	rules miss the change	C[C@@]12CC(=O)N[C@@]13C[C@H]1[C@@H](CCC(=O)[O-])[C@](C)(CC(N)=O)C4=[N+]1[Ni-2]15[N]6C(=CC(=[N+]31)[C@H]2CCC(=O)[O-])[C@@H](CC(=O)[O-])[C@H](CCC(=O)[O-])C6=C1C(=O)CC[C@@H]2C1=[N+]5[C@H](C4)[C@H]2CC(=O)[O-]	C[C@@]12CC(=O)N[C@@]13C[C@H]1[C@@H](CCC(=O)O)[C@](C)(CC(N)=O)C4=[N+]1[Ni-2]15[N]6C(=CC(=[N+]31)[C@H]2CCC(=O)O)[C@@H](CC(=O)O)[C@H](CCC(=O)O)C6=C1C(=O)CC[C@@H]2C1=[N+]5[C@H](C4)[C@H]2CC(=O)O
28368	novobiocin	71339	novobiocin(1−)	28368	novobiocin	rules miss the change	CO[C@@H]1[C@@H](OC(N)=O)[C@@H](O)[C@H](Oc2ccc3c([O-])c(NC(=O)c4ccc(O)c(CC=C(C)C)c4)c(=O)oc3c2C)OC1(C)C	CO[C@@H]1[C@@H](OC(N)=O)[C@@H](O)[C@H](Oc2ccc3c(O)c(NC(=O)c4ccc(O)c(CC=C(C)C)c4)c(=O)oc3c2C)OC1(C)C
28426	cyanidin 3-<em>O</em>-β-<small>D</small>-glucoside	77857	cyanidin 3-<em>O</em>-β-<small>D</small>-glucoside(1−)	28426	cyanidin 3-<em>O</em>-β-<small>D</small>-glucoside	rules miss the change	[O-]c1cc([O-])c2cc(O[C@@H]3O[C@H](CO)[C@@H](O)[C@H](O)[C@H]3O)c(-c3ccc(O)c(O)c3)[o+]c2c1	OC[C@H]1O[C@@H](Oc2cc3c(O)cc(O)cc3[o+]c2-c2ccc(O)c(O)c2)[C@H](O)[C@@H](O)[C@@H]1O
28436	delphinidin	144775	delphinidin(1−)	28436	delphinidin	rules miss the change	[O-]c1cc2c([O-])cc(O)cc2[o+]c1-c1cc(O)c(O)c(O)c1	Oc1cc(O)c2cc(O)c(-c3cc(O)c(O)c(O)c3)[o+]c2c1
28450	3'-phosphoadenylyl selenate	140698	3-Phosphoadenylylselenate(4-)	28450	3'-phosphoadenylyl selenate	rules miss the change	Nc1ncnc2c1ncn2[C@@H]1O[C@H](COP(=O)([O-])O[Se](=O)(=O)[O-])[C@@H](OP(=O)([O-])[O-])[C@H]1O	Nc1ncnc2c1ncn2[C@@H]1O[C@H](COP(=O)([O-])O[Se](=O)(=O)O)[C@@H](OP(=O)([O-])[O-])[C@H]1O
28599	siroheme	60052	siroheme(8−)	28599	siroheme	rules miss the change	C[C@@]1(CC(=O)[O-])C2=CC3=[N+]4C(=Cc5c(CCC(=O)[O-])c(CC(=O)[O-])c6[n]5[Fe-2]45[N]2C(=CC2=[N+]5C(=C6)[C@@H](CCC(=O)[O-])[C@]2(C)CC(=O)[O-])[C@H]1CCC(=O)[O-])C(CCC(=O)[O-])=C3CC(=O)[O-]	C[C@@]1(CC(=O)O)C2=CC3=[N+]4C(=Cc5c(CCC(=O)O)c(CC(=O)O)c6[n]5[Fe-2]45[N]2C(=CC2=[N+]5C(=C6)[C@@H](CCC(=O)O)[C@]2(C)CC(=O)O)[C@H]1CCC(=O)O)C(CCC(=O)O)=C3CC(=O)O
28812	(aminomethyl)phosphonic acid	133674	(aminomethyl)phosphonate(1−)	28812	(aminomethyl)phosphonic acid	rules miss the change	[NH3+]CP(=O)([O-])[O-]	[NH3+]CP(=O)([O-])O
28886	<em>p</em>-mercuribenzoic acid	20435	<em>p</em>-mercuribenzoate	28886	<em>p</em>-mercuribenzoic acid	rules miss the change	O=C([O-])c1cc[c]([Hg])cc1	O=C(O)c1cc[c]([Hg])cc1
28968	<em>N</em>'-phosphoguanidinoethyl methyl hydrogen phosphate	58599	<em>N</em>'-phosphonatoguanidinoethyl methyl phosphate(2−)	28968	<em>N</em>'-phosphoguanidinoethyl methyl hydrogen phosphate	rules miss the change	COP(=O)([O-])OCCNC(=[NH2+])NP(=O)([O-])[O-]	COP(=O)([O-])OCCNC(=[NH2+])NP(=O)(O)O
29031	phosphinic acid	29198	phosphinate	29031	phosphinic acid	rules miss the change	O=[PH2][O-]	O=[PH2]O
29044	2-amino-3-(3-oxoprop-1-enyl)but-2-enedioate	77803	2-ammonio-3-(3-oxoprop-1-enyl)but-2-enedioate(1−)	29044	2-amino-3-(3-oxoprop-1-enyl)but-2-enedioate	rules miss the change	[NH3+]C(C(=O)[O-])=C(C=CC=O)C(=O)[O-]	NC(C(=O)[O-])=C(C=CC=O)C(=O)[O-]
29091	nocardicin E	77885	nocardicin E(2−)	58610	nocardicin E(1−)	rules pick another ChEBI entity	O=C(N[C@H]1CN([C@@H](C(=O)[O-])c2ccc(O)cc2)C1=O)/C(=N\[O-])c1ccc(O)cc1	O=C(N[C@H]1CN([C@@H](C(=O)[O-])c2ccc(O)cc2)C1=O)/C(=N\O)c1ccc(O)cc1
29104	kalide	32589	potassium hydride	29104	kalide	rules miss the change	[KH]	[KH2-]
29125	arsenate(3−)	48597	arsenate(2−)	48600	arsenate(1−)	rules pick another ChEBI entity	O=[As]([O-])([O-])O	O=[As]([O-])(O)O
29149	periodic acid	49826	periodate	29149	periodic acid	rules miss the change	[O-][I+3]([O-])([O-])[O-]	[O-][I+3]([O-])([O-])O
29193	oxide(•1−)	29191	hydroxyl	29193	oxide(•1−)	rules miss the change	[OH]	[O-]
29195	cyanate	29195	cyanate	28024	cyanic acid	rules pick another ChEBI entity	N#C[O-]	N#CO
29198	phosphinate	29198	phosphinate	29031	phosphinic acid	rules pick another ChEBI entity	O=[PH2][O-]	O=[PH2]O
29213	sulfinic acid	9341	sulfinate	29213	sulfinic acid	rules miss the change	O=[SH][O-]	O=[SH]O
29215	selenide(•1−)	29313	selanyl	29215	selenide(•1−)	rules miss the change	[SeH]	[Se-]
29219	chlorous acid	17441	chlorite	29219	chlorous acid	rules miss the change	[O-][Cl+][O-]	[O-][Cl+]O
29221	perchloric acid	49706	perchlorate	29221	perchloric acid	rules miss the change	[O-][Cl+3]([O-])([O-])[O-]	[O-][Cl+3]([O-])([O-])O
29226	iodate	29226	iodate	24857	iodic acid	rules pick another ChEBI entity	[O-][I+2]([O-])[O-]	[O-][I+2]([O-])O
29228	hydrogen fluoride	17051	fluoride	29228	hydrogen fluoride	rules miss the change	[F-]	F
29229	iodous acid	29230	iodite	29229	iodous acid	rules miss the change	[O-][I+][O-]	[O-][I+]O
29230	iodite	29230	iodite	29229	iodous acid	rules pick another ChEBI entity	[O-][I+][O-]	[O-][I+]O
29240	nitride(3−)	28938	ammonium	29240	nitride(3−)	rules miss the change	[NH4+]	[N-3]
29242	arsenite(1−)	29242	arsenite(1−)	49900	arsenous acid	rules pick another ChEBI entity	[O-][As](O)O	O[As](O)O
29243	arsenite(2−)	29242	arsenite(1−)	49900	arsenous acid	rules pick another ChEBI entity	[O-][As](O)O	O[As](O)O
29244	hypomanganate	35126	dihydroxidodioxidomanganate(1−)	29244	hypomanganate	rules miss the change	[O]=[Mn]([O-])([OH])[OH]	[O]=[Mn]([O-])([O-])[O-]
29245	perbromic acid	29246	perbromate	29245	perbromic acid	rules miss the change	[O-][Br+3]([O-])([O-])[O-]	[O-][Br+3]([O-])([O-])O
29246	perbromate	29246	perbromate	29245	perbromic acid	rules pick another ChEBI entity	[O-][Br+3]([O-])([O-])[O-]	[O-][Br+3]([O-])([O-])O
29249	hypobromous acid	29250	hypobromite	29249	hypobromous acid	rules miss the change	[O-]Br	OBr
29250	hypobromite	29250	hypobromite	29249	hypobromous acid	rules pick another ChEBI entity	[O-]Br	OBr
29252	disulfurous acid	29251	disulfite	29252	disulfurous acid	rules miss the change	O=S([O-])S(=O)(=O)[O-]	O=S(O)S(=O)(=O)[O-]
29253	dithionous acid	42160	dithionite(2−)	29253	dithionous acid	rules miss the change	O=S([O-])S(=O)[O-]	O=S(O)S(=O)O
29257	thiosulfite(2−)	29257	thiosulfite(2−)	35926	sulfurothious <em>S</em>-acid	rules pick another ChEBI entity	O=S([O-])[S-]	O=S(O)S
29269	selenophosphoric acid	16144	selenophosphate	29269	selenophosphoric acid	rules miss the change	[O-]P([O-])([O-])=[Se]	OP(O)(O)=[Se]
29278	dinitride(4−)	15571	hydrazine	29278	dinitride(4−)	rules miss the change	NN	[N-2][N-2]
29316	sulfide(•1−)	29312	sulfanyl	29316	sulfide(•1−)	rules miss the change	[SH]	[S-]
29324	dihydridosulfur(•1+)	29312	sulfanyl	29324	dihydridosulfur(•1+)	rules miss the change	[SH]	[SH2+]
29325	oxidooxomethyl	29325	oxidooxomethyl	29326	hydroxidooxidocarbon(•)	rules pick another ChEBI entity	O=[C][O-]	O=[C]O
29326	hydroxidooxidocarbon(•)	29325	oxidooxomethyl	29326	hydroxidooxidocarbon(•)	rules miss the change	O=[C][O-]	O=[C]O
29337	azanide	28938	ammonium	29337	azanide	rules miss the change	[NH4+]	[NH2-]
29338	azanylium	29339	azanediyl (triplet)	29338	azanylium	rules miss the change	[NH]	[NH2+]
29340	hydridonitrate(2−)	28938	ammonium	29340	hydridonitrate(2−)	rules miss the change	[NH4+]	[NH-2]
29341	hydridonitrate(•1−)	29318	aminyl	29341	hydridonitrate(•1−)	rules miss the change	[NH2]	[NH-]
29356	oxide(2−)	15377	water	29356	oxide(2−)	rules miss the change	O	[O-2]
29412	oxonium	15377	water	29412	oxonium	rules miss the change	O	[OH3+]
29421	trihydridonitrogen(•1+)	29318	aminyl	29421	trihydridonitrogen(•1+)	rules miss the change	[NH2]	[NH3+]
29434	carbide(4−)	16183	methane	29434	carbide(4−)	rules miss the change	C	[C-4]
29435	carbide(1−)	27594	carbon atom	29435	carbide(1−)	rules miss the change	[C]	[C-]
29438	methanide	16183	methane	29438	methanide	rules miss the change	C	[CH3-]
29445	selenocyanate	29445	selenocyanate	29778	selenocyanic acid	rules pick another ChEBI entity	N#C[Se-]	N#C[SeH]
29449	hydrogen azide	40910	azide anion	29449	hydrogen azide	rules miss the change	[N-]=[N+]=[N-]	[N-]=[N+]=N
29505	A47934	76892	A47934(2−)	29505	A47934	rules miss the change	[NH3+][C@H]1C(=O)N[C@H]2Cc3ccc(c(Cl)c3)Oc3cc4cc(c3[O-])Oc3ccc(cc3Cl)[C@@H](O)[C@@H]3NC(=O)[C@H](NC(=O)[C@@H]4NC(=O)[C@@H](NC2=O)c2cc(O)cc(c2)Oc2cc1ccc2OS(=O)(=O)[O-])c1cc(Cl)c(O)c(c1)-c1c(O)cc(O)cc1[C@H](C(=O)[O-])NC3=O	[NH3+][C@H]1C(=O)N[C@H]2Cc3ccc(c(Cl)c3)Oc3cc4cc(c3O)Oc3ccc(cc3Cl)[C@@H](O)[C@@H]3NC(=O)[C@H](NC(=O)[C@@H]4NC(=O)[C@@H](NC2=O)c2cc(O)cc(c2)Oc2cc1ccc2OS(=O)(=O)[O-])c1cc(Cl)c(O)c(c1)-c1c(O)cc(O)cc1[C@H](C(=O)[O-])NC3=O
29673	rifamycin SV	84571	rifamycin SV(1−)	29673	rifamycin SV	rules miss the change	CO[C@H]1/C=C/O[C@@]2(C)Oc3c(C)c([O-])c4c(O)c(cc(O)c4c3C2=O)NC(=O)/C(C)=C\C=C\[C@H](C)[C@H](O)[C@@H](C)[C@@H](O)[C@@H](C)[C@H](OC(C)=O)[C@@H]1C	CO[C@H]1/C=C/O[C@@]2(C)Oc3c(C)c(O)c4c(O)c(cc(O)c4c3C2=O)NC(=O)/C(C)=C\C=C\[C@H](C)[C@H](O)[C@@H](C)[C@@H](O)[C@@H](C)[C@H](OC(C)=O)[C@@H]1C
29707	yersiniabactin	149525	yersiniabactin(1−)	29707	yersiniabactin	rules miss the change	CC(C)(C1=N[C@@](C)(C(=O)[O-])CS1)[C@H](O)[C@@H]1CSC([C@H]2CSC(c3ccccc3O)=N2)N1	CC(C)(C1=N[C@@](C)(C(=O)[O-])CS1)[C@H](O)[C@@H]1CSC([C@H]2CSC(c3ccccc3O)=N2)[NH2+]1
29752	arsenide(3−)	47217	arsane	29752	arsenide(3−)	rules miss the change	[AsH3]	[As-3]
29778	selenocyanic acid	29445	selenocyanate	29778	selenocyanic acid	rules miss the change	N#C[Se-]	N#C[SeH]
29788	(dioxido)oxidocarbonate(•1−)	29788	(dioxido)oxidocarbonate(•1−)	29790	(hydridodioxido)oxidocarbon(•)	rules pick another ChEBI entity	O=[C]O[O-]	O=[C]OO
29790	(hydridodioxido)oxidocarbon(•)	29788	(dioxido)oxidocarbonate(•1−)	29790	(hydridodioxido)oxidocarbon(•)	rules miss the change	O=[C]O[O-]	O=[C]OO
29811	fulminate	29813	fulminic acid	29811	fulminate	rules miss the change	C#[N+][O-]	[C-]#[N+][O-]
29812	nitridooxidocarbonate(•2−)	33100	carbamoyl	33099	(hydridonitrato)hydroxidocarbon(•)	rules pick another ChEBI entity	N[C]=O	N=[C]O
29814	isofulminic acid	29813	fulminic acid	29814	isofulminic acid	rules miss the change	C#[N+][O-]	[C-]#[N+]O
29817	(hydridonitrato)oxidocarbonate(•1−)	33100	carbamoyl	33099	(hydridonitrato)hydroxidocarbon(•)	rules pick another ChEBI entity	N[C]=O	N=[C]O
29818	hydroxidonitridocarbonate(•1−)	33100	carbamoyl	33099	(hydridonitrato)hydroxidocarbon(•)	rules pick another ChEBI entity	N[C]=O	N=[C]O
29866	arsenite(3−)	29242	arsenite(1−)	49900	arsenous acid	rules pick another ChEBI entity	[O-][As](O)O	O[As](O)O
29915	hydroxylium	29194	monooxygen	29915	hydroxylium	rules miss the change	[O]	[OH+]
29924	hydrogenselenite	18212	selenite(2−)	26642	selenous acid	rules pick another ChEBI entity	O=[Se]([O-])[O-]	O=[Se](O)O
29925	hydroxidotrioxidophosphate(•1−)	29932	tetraoxidophosphate(•2−)	29931	dihydroxidodioxidophosphorus(•)	rules pick another ChEBI entity	[O]P(=O)([O-])[O-]	[O]P(=O)(O)O
29931	dihydroxidodioxidophosphorus(•)	29932	tetraoxidophosphate(•2−)	29931	dihydroxidodioxidophosphorus(•)	rules miss the change	[O]P(=O)([O-])[O-]	[O]P(=O)(O)O
29932	tetraoxidophosphate(•2−)	29932	tetraoxidophosphate(•2−)	29931	dihydroxidodioxidophosphorus(•)	rules pick another ChEBI entity	[O]P(=O)([O-])[O-]	[O]P(=O)(O)O
29938	phosphanide	30278	phosphane	29938	phosphanide	rules miss the change	P	[PH2-]
29941	hydridophosphate(1−)	29939	hydridophosphorus(•) (triplet)	29938	phosphanide	rules pick another ChEBI entity	[PH]	[PH2-]
29942	phosphanediide	30278	phosphane	29942	phosphanediide	rules miss the change	P	[PH-2]
30033	bacteriochlorophyll <em>a</em>	61720	bacteriochlorophyll <em>a</em>(1−)	30033	bacteriochlorophyll <em>a</em>	rules miss the change	CC[C@H]1C2=Cc3c(C)c4c5[n]3[Mg-2]36[n]7c(c(C)c(C(C)=O)c7=CC(=[N+]23)[C@@H]1C)=CC1=[N+]6C(=C5[C-](C(=O)OC)C4=O)[C@@H](CCC(=O)OC/C=C(\C)CCC[C@H](C)CCC[C@H](C)CCCC(C)C)[C@@H]1C	CC[C@H]1C2=[N+]3C(=Cc4c(C(C)=O)c(C)c5[n]4[Mg-2]34[n]3c(c(C)c6c3=C(C3=[N+]4C(=C5)[C@@H](C)[C@@H]3CCC(=O)OC/C=C(\C)CCC[C@H](C)CCC[C@H](C)CCCC(C)C)[C@@H](C(=O)OC)C6=O)=C2)[C@@H]1C
30101	hydrazine-1,1-diide	15571	hydrazine	30101	hydrazine-1,1-diide	rules miss the change	NN	[N-2]N
30104	diazanetriide	15571	hydrazine	30101	hydrazine-1,1-diide	rules pick another ChEBI entity	NN	[N-2]N
30137	trihydridoaluminium(•1+)	30134	hydridoaluminium(1+)	30137	trihydridoaluminium(•1+)	rules miss the change	[AlH+]	[AlH3+]
30144	lithide	30146	lithium hydride	30144	lithide	rules miss the change	[LiH]	[LiH2-]
30148	hydridolithate(1−)	30148	hydridolithate(1−)	30146	lithium hydride	rules pick another ChEBI entity	[LiH]	[LiH]
30166	boride(1−)	27560	boron atom	30166	boride(1−)	rules miss the change	[B]	[B-]
30210	fluorophosphoric acid	42699	fluoridophosphate	30210	fluorophosphoric acid	rules miss the change	O=P([O-])([O-])F	O=P(O)(O)F
30244	hypofluorite	30244	hypofluorite	47864	hypofluorous acid	rules pick another ChEBI entity	[O-]F	OF
30281	trihydridophosphate(•1−)	29935	phosphanyl	30281	trihydridophosphate(•1−)	rules miss the change	[PH2]	[PH3-]
30282	phosphonium	30278	phosphane	30282	phosphonium	rules miss the change	P	[PH4+]
30283	phosphanuide	30278	phosphane	30283	phosphanuide	rules miss the change	P	[PH4-]
30294	antimonic acid	36923	antimonate(1−)	30294	antimonic acid	rules miss the change	[O]=[Sb]([O-])([OH])[OH]	[O]=[Sb]([OH])([OH])[OH]
30295	antimonate(3−)	36923	antimonate(1−)	30295	antimonate(3−)	rules miss the change	[O]=[Sb]([O-])([OH])[OH]	[O]=[Sb]([O-])([O-])[O-]
30297	antimonite	49870	antimonous acid	30297	antimonite	rules miss the change	[OH][Sb]([OH])[OH]	[O-][Sb]([O-])[O-]
30453	telluride(2−)	49907	tellane	30453	telluride(2−)	rules miss the change	[TeH2]	[Te-2]
30454	telluride(•1−)	30457	tellanyl	30454	telluride(•1−)	rules miss the change	[TeH]	[Te-]
30463	telluric acid	30464	tellurate	30463	telluric acid	rules miss the change	O=[Te](=O)([O-])[O-]	O=[Te](=O)(O)O
30464	tellurate	30464	tellurate	30463	telluric acid	rules pick another ChEBI entity	O=[Te](=O)([O-])[O-]	O=[Te](=O)(O)O
30465	tellurous acid	30477	tellurite	30465	tellurous acid	rules miss the change	O=[Te]([O-])[O-]	O=[Te](O)O
30477	tellurite	30477	tellurite	30465	tellurous acid	rules pick another ChEBI entity	O=[Te]([O-])[O-]	O=[Te](O)O
30483	trihydridotellurate(1−)	30460	tellanide	30483	trihydridotellurate(1−)	rules miss the change	[TeH-]	[TeH3-]
30486	trihydridoselenate(1−)	29317	selanide	30486	trihydridoselenate(1−)	rules miss the change	[SeH-]	[SeH3-]
30488	sulfonium	29919	hydrosulfide	30488	sulfonium	rules miss the change	[SH-]	[SH3+]
30490	tetrahydridooxygen(2+)	15377	water	30490	tetrahydridooxygen(2+)	rules miss the change	O	[OH4+2]
30492	dioxidaniumyl	18421	superoxide	25935	hydroperoxyl	rules pick another ChEBI entity	[O][O-]	[O]O
30556	germide(4−)	30443	germane	30556	germide(4−)	rules miss the change	[GeH4]	[Ge-4]
30585	silicide(1−)	27573	silicon atom	30585	silicide(1−)	rules miss the change	[Si]	[Si-]
30586	silicide(4−)	29389	silane	30586	silicide(4−)	rules miss the change	[SiH4]	[Si-4]
30596	disilanide	30596	disilanide	30597	disilane	rules pick another ChEBI entity	[SiH2-][SiH3]	[SiH3][SiH3]
30600	ditellanide	30600	ditellanide	50478	ditellane	rules pick another ChEBI entity	[Te-][TeH]	[TeH][TeH]
30603	diselanide	30603	diselanide	50476	diselane	rules pick another ChEBI entity	[Se-][SeH]	[SeH][SeH]
30619	2,4-divinyl protochlorophyllide <em>a</em>	58632	2,4-divinyl protochlorophyllide <em>a</em>(2−)	30619	2,4-divinyl protochlorophyllide <em>a</em>	rules miss the change	C=CC1=C(C)C2=[N+]3C1=Cc1c(C)c4c5[n]1[Mg-2]31[n]3c(c(C)c(C=C)c3=C2)=CC2=[N+]1C(=C5[C-](C(=O)OC)C4=O)C(CCC(=O)[O-])=C2C	C=CC1=C(C)C2=[N+]3C1=Cc1c(C)c4c5[n]1[Mg-2]31[n]3c(c(C)c(C=C)c3=C2)=CC2=[N+]1C(=C5[C@@H](C(=O)OC)C4=O)C(CCC(=O)O)=C2C
30660	thyroxine	305790	thyroxine zwitterion	30660	thyroxine	rules miss the change	[NH3+]C(Cc1cc(I)c(Oc2cc(I)c(O)c(I)c2)c(I)c1)C(=O)[O-]	[NH3+]C(Cc1cc(I)c(Oc2cc(I)c([O-])c(I)c2)c(I)c1)C(=O)[O-]
31121	4'''-demalonylsalvianin	58638	4'''-demalonylsalvianin(1−)	31121	4'''-demalonylsalvianin	rules miss the change	O=C([O-])CC(=O)OC[C@H]1O[C@@H](Oc2cc([O-])cc3[o+]c(-c4ccc(O)cc4)c(O[C@@H]4O[C@H](COC(=O)/C=C/c5ccc(O)c(O)c5)[C@@H](O)[C@H](O)[C@H]4O)cc23)[C@H](O)[C@@H](O)[C@@H]1O	O=C([O-])CC(=O)OC[C@H]1O[C@@H](Oc2cc(O)cc3[o+]c(-c4ccc(O)cc4)c(O[C@@H]4O[C@H](COC(=O)/C=C/c5ccc(O)c(O)c5)[C@@H](O)[C@H](O)[C@H]4O)cc23)[C@H](O)[C@@H](O)[C@@H]1O
31467	descarbamoylnovobiocin	73955	descarbamoylnovobiocin(1−)	31467	descarbamoylnovobiocin	rules miss the change	CO[C@@H]1[C@@H](O)[C@@H](O)[C@H](Oc2ccc3c([O-])c(NC(=O)c4ccc(O)c(CC=C(C)C)c4)c(=O)oc3c2C)OC1(C)C	CO[C@@H]1[C@@H](O)[C@@H](O)[C@H](Oc2ccc3c(O)c(NC(=O)c4ccc(O)c(CC=C(C)C)c4)c(=O)oc3c2C)OC1(C)C
31469	desmethyldescarbamoylnovobiocin	73957	desmethyldescarbamoylnovobiocin(1−)	31469	desmethyldescarbamoylnovobiocin	rules miss the change	CC(C)=CCc1cc(C(=O)Nc2c([O-])c3ccc(O[C@@H]4OC(C)(C)[C@H](O)[C@@H](O)[C@H]4O)c(C)c3oc2=O)ccc1O	CC(C)=CCc1cc(C(=O)Nc2c(O)c3ccc(O[C@@H]4OC(C)(C)[C@H](O)[C@@H](O)[C@H]4O)c(C)c3oc2=O)ccc1O
31915	nogalonic acid	84897	nogalonate(2−)	31915	nogalonic acid	rules miss the change	CC(=O)CC(=O)c1c(CC(=O)[O-])cc2c(c1O)C(=O)c1c([O-])cccc1C2=O	CC(=O)CC(=O)c1c(CC(=O)[O-])cc2c(c1O)C(=O)c1c(O)cccc1C2=O
31923	novobiocic acid	73953	novobiocic acid(1−)	31923	novobiocic acid	rules miss the change	CC(C)=CCc1cc(C(=O)Nc2c([O-])c3ccc(O)c(C)c3oc2=O)ccc1O	CC(C)=CCc1cc(C(=O)Nc2c(O)c3ccc(O)c(C)c3oc2=O)ccc1O
31966	pelargonidin 3-<em>O</em>-(6-<em>O</em>-caffeoyl-β-<small>D</small>-glucoside) 5-<em>O</em>-β-<small>D</small>-glucoside	58640	pelargonidin 3-<em>O</em>-(6-<em>O</em>-caffeoyl-β-<small>D</small>-glucoside) 5-<em>O</em>-β-<small>D</small>-glucoside betaine	31966	pelargonidin 3-<em>O</em>-(6-<em>O</em>-caffeoyl-β-<small>D</small>-glucoside) 5-<em>O</em>-β-<small>D</small>-glucoside	rules miss the change	O=C(/C=C/c1ccc(O)c(O)c1)OC[C@H]1O[C@@H](Oc2cc3c(O[C@@H]4O[C@H](CO)[C@@H](O)[C@H](O)[C@H]4O)cc([O-])cc3[o+]c2-c2ccc(O)cc2)[C@H](O)[C@@H](O)[C@@H]1O	O=C(/C=C/c1ccc(O)c(O)c1)OC[C@H]1O[C@@H](Oc2cc3c(O[C@@H]4O[C@H](CO)[C@@H](O)[C@H](O)[C@H]4O)cc(O)cc3[o+]c2-c2ccc(O)cc2)[C@H](O)[C@@H](O)[C@@H]1O
31967	pelargonidin 3-<em>O</em>-β-<small>D</small>-glucoside	144778	pelargonidin 3-<em>O</em>-β-<small>D</small>-glucoside betaine	31967	pelargonidin 3-<em>O</em>-β-<small>D</small>-glucoside	rules miss the change	[O-]c1cc(O)cc2[o+]c(-c3ccc(O)cc3)c(O[C@@H]3O[C@H](CO)[C@@H](O)[C@H](O)[C@H]3O)cc12	OC[C@H]1O[C@@H](Oc2cc3c(O)cc(O)cc3[o+]c2-c2ccc(O)cc2)[C@H](O)[C@@H](O)[C@@H]1O
31968	pelargonidin 3-<em>O</em>-rutinoside	60048	pelargonidin 3-<em>O</em>-rutinoside betaine	31968	pelargonidin 3-<em>O</em>-rutinoside	rules miss the change	C[C@@H]1O[C@@H](OC[C@H]2O[C@@H](Oc3cc4c([O-])cc(O)cc4[o+]c3-c3ccc(O)cc3)[C@H](O)[C@@H](O)[C@@H]2O)[C@H](O)[C@H](O)[C@H]1O	C[C@@H]1O[C@@H](OC[C@H]2O[C@@H](Oc3cc4c(O)cc(O)cc4[o+]c3-c3ccc(O)cc3)[C@H](O)[C@@H](O)[C@@H]2O)[C@H](O)[C@H](O)[C@H]1O
31969	pelargonidin 3-<em>O</em>-rutinoside 5-<em>O</em>-β-<small>D</small>-glucoside	60001	pelargonidin 3-<em>O</em>-rutinoside 5-<em>O</em>-β-<small>D</small>-glucoside betaine	31969	pelargonidin 3-<em>O</em>-rutinoside 5-<em>O</em>-β-<small>D</small>-glucoside	rules miss the change	C[C@@H]1O[C@@H](OC[C@H]2O[C@@H](Oc3cc4c(O[C@@H]5O[C@H](CO)[C@@H](O)[C@H](O)[C@H]5O)cc([O-])cc4[o+]c3-c3ccc(O)cc3)[C@H](O)[C@@H](O)[C@@H]2O)[C@H](O)[C@H](O)[C@H]1O	C[C@@H]1O[C@@H](OC[C@H]2O[C@@H](Oc3cc4c(O[C@@H]5O[C@H](CO)[C@@H](O)[C@H](O)[C@H]5O)cc(O)cc4[o+]c3-c3ccc(O)cc3)[C@H](O)[C@@H](O)[C@@H]2O)[C@H](O)[C@H](O)[C@H]1O
31985	petunidin 3-<em>O</em>-β-<small>D</small>-glucoside	193103	petunidin 3-O-beta-D-glucoside betaine	31985	petunidin 3-<em>O</em>-β-<small>D</small>-glucoside	rules miss the change	COc1cc(-c2[o+]c3cc(O)cc([O-])c3cc2O[C@@H]2O[C@H](CO)[C@@H](O)[C@H](O)[C@H]2O)cc(O)c1O	COc1cc(-c2[o+]c3cc(O)cc(O)c3cc2O[C@@H]2O[C@H](CO)[C@@H](O)[C@H](O)[C@H]2O)cc(O)c1O
32115	salvianin	71606	salvianin(2−)	32115	salvianin	rules miss the change	O=C([O-])CC(=O)OC[C@H]1O[C@@H](Oc2cc([O-])cc3[o+]c(-c4ccc(O)cc4)c(O[C@@H]4O[C@H](COC(=O)/C=C/c5ccc(O)c(O)c5)[C@@H](O)[C@H](O)[C@H]4O)cc23)[C@H](O)[C@@H](O)[C@@H]1OC(=O)CC(=O)[O-]	O=C([O-])CC(=O)OC[C@H]1O[C@@H](Oc2cc(O)cc3[o+]c(-c4ccc(O)cc4)c(O[C@@H]4O[C@H](COC(=O)/C=C/c5ccc(O)c(O)c5)[C@@H](O)[C@H](O)[C@H]4O)cc23)[C@H](O)[C@@H](O)[C@@H]1OC(=O)CC(=O)[O-]
32202	tetracenomycin D3	77990	tetracenomycin D3(2−)	74934	tetracenomycin D3(1−)	rules pick another ChEBI entity	Cc1c(C(=O)[O-])c(O)cc2cc3c(c(O)c12)C(=O)c1c(O)cc([O-])cc1C3=O	Cc1c(C(=O)[O-])c(O)cc2cc3c(c(O)c12)C(=O)c1c(O)cc(O)cc1C3=O
32207	tetracenomycin F2	77982	tetracenomycin F2(2−)	76159	tetracenomycin F2(1−)	rules pick another ChEBI entity	CC(=O)c1c(/C=C(/O)CC(=O)[O-])cc2c(c1O)C(=O)c1c(O)cc([O-])cc1C2	CC(=O)c1c(/C=C(/O)CC(=O)[O-])cc2c(c1O)C(=O)c1c(O)cc(O)cc1C2
32404	benzenesulfinic acid	38100	benzenesulfinate	32404	benzenesulfinic acid	rules miss the change	O=S([O-])c1ccccc1	O=S(O)c1ccccc1
32671	iminodimethanethiolate	32670	iminodimethanethiol	32671	iminodimethanethiolate	rules miss the change	SCNCS	SC[NH2+]CS
32971	3,4,6-trichlorocatechol	134391	3,4,6-trichlorocatechol(1−)	32971	3,4,6-trichlorocatechol	rules miss the change	[O-]c1c(O)c(Cl)cc(Cl)c1Cl	Oc1c(Cl)cc(Cl)c(Cl)c1O
32976	2,3,4,5-tetrahydrodipicolinic acid	11408	2,3,4,5-tetrahydrodipicolinate(2−)	32976	2,3,4,5-tetrahydrodipicolinic acid	rules miss the change	O=C([O-])C1=NC(C(=O)[O-])CCC1	O=C([O-])C1=[NH+]C(C(=O)[O-])CCC1
32989	<em>N</em><small><sup>ω</small></sup>-phosphohypotaurocyamine	58652	<em>N</em><small><sup>ω</small></sup>-phosphohypotaurocyamine(2−)	32989	<em>N</em><small><sup>ω</small></sup>-phosphohypotaurocyamine	rules miss the change	[NH2+]=C(NCCS(=O)[O-])NP(=O)([O-])[O-]	[NH2+]=C(NCCS(=O)O)NP(=O)(O)O
33010	chromide(1−)	28073	chromium atom	33010	chromide(1−)	rules miss the change	[Cr]	[Cr-]
33099	(hydridonitrato)hydroxidocarbon(•)	33100	carbamoyl	33099	(hydridonitrato)hydroxidocarbon(•)	rules miss the change	N[C]=O	N=[C]O
33127	sulfadiazinate	33127	sulfadiazinate	9328	sulfadiazine	rules pick another ChEBI entity	Nc1ccc(S(=O)(=O)[N-]c2ncccn2)cc1	Nc1ccc(S(=O)(=O)Nc2ncccn2)cc1
33142	hydrogen dichromate	33141	dichromate(2−)	33142	hydrogen dichromate	rules miss the change	[O]=[Cr](=[O])([O-])[O][Cr](=[O])(=[O])[O-]	[O]=[Cr](=[O])([O-])[O][Cr](=[O])(=[O])[OH]
33143	chromic acid	35404	chromate(2−)	33143	chromic acid	rules miss the change	[O]=[Cr](=[O])([O-])[O-]	[O]=[Cr](=[O])([OH])[OH]
33144	hydrogenchromate	35404	chromate(2−)	33144	hydrogenchromate	rules miss the change	[O]=[Cr](=[O])([O-])[O-]	[O]=[Cr](=[O])([O-])[OH]
33206	<em>p</em>-chloromercuribenzenesulfonic acid	33207	<em>p</em>-chloromercuribenzenesulfonate	33206	<em>p</em>-chloromercuribenzenesulfonic acid	rules miss the change	O=S(=O)([O-])c1cc[c]([Hg][Cl])cc1	O=S(=O)(O)c1cc[c]([Hg][Cl])cc1
33214	ethylmercurithiosalicylic acid	33215	ethylmercurithiosalicylate	33214	ethylmercurithiosalicylic acid	rules miss the change	C[CH2][Hg][S]c1ccccc1C(=O)[O-]	C[CH2][Hg][S]c1ccccc1C(=O)O
33462	phosphonate(1−)	33462	phosphonate(1−)	44976	phosphonic acid	rules pick another ChEBI entity	O=[PH]([O-])O	O=[PH](O)O
33468	phosphide(3−)	30278	phosphane	33468	phosphide(3−)	rules miss the change	P	[P-3]
33469	phosphide(1−)	29939	hydridophosphorus(•) (triplet)	33469	phosphide(1−)	rules miss the change	[PH]	[P-]
33487	dithionite(1−)	42160	dithionite(2−)	29253	dithionous acid	rules pick another ChEBI entity	O=S([O-])S(=O)[O-]	O=S(O)S(=O)O
33490	hydrogenselenate	15075	selenate	18170	selenic acid	rules pick another ChEBI entity	O=[Se](=O)([O-])[O-]	O=[Se](=O)(O)O
33522	hydrogentellurite	30477	tellurite	30465	tellurous acid	rules pick another ChEBI entity	O=[Te]([O-])[O-]	O=[Te](O)O
33740	tri-μ-sulfido-μ<small><sub>3</sub></small>-sulfido-triferrate(2−)	47402	tri-μ-sulfido-μ<small><sub>3</sub></small>-sulfido-triiron(0)	33740	tri-μ-sulfido-μ<small><sub>3</sub></small>-sulfido-triferrate(2−)	rules miss the change	[S]1[Fe]2[S][Fe]3[S][Fe]1[SH]23	[S]1[Fe]2[S-]->[Fe]3[S-]->[Fe]1[S]23
34311	27-<em>O</em>-demethylrifamycin SV	84572	27-<em>O</em>-demethylrifamycin SV(1−)	34311	27-<em>O</em>-demethylrifamycin SV	rules miss the change	CC(=O)O[C@H]1[C@H](C)[C@H](O)[C@H](C)[C@@H](O)[C@@H](C)/C=C/C=C(/C)C(=O)Nc2cc(O)c3c4c(c(C)c([O-])c3c2O)O[C@](C)(O/C=C/[C@H](O)[C@H]1C)C4=O	CC(=O)O[C@H]1[C@H](C)[C@H](O)[C@H](C)[C@@H](O)[C@@H](C)/C=C/C=C(/C)C(=O)Nc2cc(O)c3c4c(c(C)c(O)c3c2O)O[C@](C)(O/C=C/[C@H](O)[C@H]1C)C4=O
34856	morpholine	167868	morpholinium	34856	morpholine	rules miss the change	C1COCC[NH2+]1	C1COCCN1
35119	manganic acid	25152	manganate	35119	manganic acid	rules miss the change	[O]=[Mn](=[O])([O-])[O-]	[O]=[Mn](=[O])([OH])[OH]
35123	hydrogen manganate	25152	manganate	35123	hydrogen manganate	rules miss the change	[O]=[Mn](=[O])([O-])[O-]	[O]=[Mn](=[O])([O-])[OH]
35124	permanganic acid	25939	permanganate	35124	permanganic acid	rules miss the change	[O]=[Mn](=[O])(=[O])[O-]	[O]=[Mn](=[O])(=[O])[OH]
35125	hypomanganic acid	35126	dihydroxidodioxidomanganate(1−)	35125	hypomanganic acid	rules miss the change	[O]=[Mn]([O-])([OH])[OH]	[O]=[Mn]([OH])([OH])[OH]
35127	hydroxidotrioxidomanganate(2−)	35126	dihydroxidodioxidomanganate(1−)	35127	hydroxidotrioxidomanganate(2−)	rules miss the change	[O]=[Mn]([O-])([OH])[OH]	[O]=[Mn]([O-])([O-])[OH]
35168	hydrogenvanadate	35169	dihydrogenvanadate	35168	hydrogenvanadate	rules miss the change	[O]=[V]([O-])([OH])[OH]	[O]=[V]([O-])([O-])[OH]
35870	diarsenide	35870	diarsenide	33107	diarsene	rules pick another ChEBI entity	[As-]=[AsH]	[AsH]=[AsH]
35926	sulfurothious <em>S</em>-acid	29257	thiosulfite(2−)	35926	sulfurothious <em>S</em>-acid	rules miss the change	O=S([O-])[S-]	O=S(O)S
35943	dioxidosulfanidosulfate(1−)	29257	thiosulfite(2−)	35926	sulfurothious <em>S</em>-acid	rules pick another ChEBI entity	O=S([O-])[S-]	O=S(O)S
35945	hydroxidooxidosulfidosulfate(1−)	29257	thiosulfite(2−)	35926	sulfurothious <em>S</em>-acid	rules pick another ChEBI entity	O=S([O-])[S-]	O=S(O)S
36159	protoporphyrinate	57306	protoporphyrin(2−)	36159	protoporphyrinate	rules miss the change	C=CC1=C(C)C2=CC3=NC(=CC4=NC(=CC5=NC(=CC1=N2)C(C)=C5C=C)C(C)=C4CCC(=O)[O-])C(CCC(=O)[O-])=C3C	C=CC1=C(C)c2cc3[nH]c(cc4nc(cc5[nH]c(cc1n2)c(C)c5CCC(=O)[O-])C(CCC(=O)[O-])=C4C)c(C)c3C=C
36263	hydrogenmolybdate	36264	molybdate	36263	hydrogenmolybdate	rules miss the change	[O]=[Mo](=[O])([O-])[O-]	[O]=[Mo](=[O])([O-])[OH]
36266	dimolybdic acid	36269	dimolybdate(2−)	36266	dimolybdic acid	rules miss the change	[O]=[Mo](=[O])([O-])[O][Mo](=[O])(=[O])[O-]	[O]=[Mo](=[O])([OH])[O][Mo](=[O])(=[O])[OH]
36268	hydrogen dimolybdate	36269	dimolybdate(2−)	36268	hydrogen dimolybdate	rules miss the change	[O]=[Mo](=[O])([O-])[O][Mo](=[O])(=[O])[O-]	[O]=[Mo](=[O])([O-])[O][Mo](=[O])(=[O])[OH]
36271	hydrogentungstate	46502	tungstate	36271	hydrogentungstate	rules miss the change	[O]=[W](=[O])([O-])[O-]	[O]=[W](=[O])([O-])[OH]
36272	tungstic acid	46502	tungstate	36272	tungstic acid	rules miss the change	[O]=[W](=[O])([O-])[O-]	[O]=[W](=[O])([OH])[OH]
36287	hydrogentellurate	30464	tellurate	30463	telluric acid	rules pick another ChEBI entity	O=[Te](=O)([O-])[O-]	O=[Te](=O)(O)O
36332	hispidin	190288	hispidin(1−)	36332	hispidin	rules miss the change	O=c1cc([O-])cc(/C=C/c2ccc(O)c(O)c2)o1	O=c1cc(O)cc(/C=C/c2ccc(O)c(O)c2)o1
36363	hydroxyphosphanone	44951	dioxidophosphate(1−)	36363	hydroxyphosphanone	rules miss the change	O=P[O-]	O=PO
36538	2-hydroxy-6-(2-hydroxyphenyl)-6-oxo-<i>cis</i>,<i>cis</i>-hexa-2,4-dienoate	79172	2-hydroxy-6-(2-oxidophenyl)-6-oxo-<i>cis</i>,<i>cis</i>-hexa-2,4-dienoate(2−)	36538	2-hydroxy-6-(2-hydroxyphenyl)-6-oxo-<i>cis</i>,<i>cis</i>-hexa-2,4-dienoate	rules miss the change	O=C([O-])/C(O)=C\C=C/C(=O)c1ccccc1[O-]	O=C([O-])/C(O)=C\C=C/C(=O)c1ccccc1O
36771	cyclopentadienylium	36771	cyclopentadienylium	30664	cyclopentadiene	rules pick another ChEBI entity	C1=C[CH+]C=C1	C1=CCC=C1
36781	1-pyrrolinium	36781	1-pyrrolinium	19092	1-pyrroline	rules pick another ChEBI entity	C1=[NH+]CCC1	C1=NCCC1
36837	tellurocyanate	36837	tellurocyanate	36833	tellurocyanic acid	rules pick another ChEBI entity	N#C[Te-]	N#C[TeH]
36856	hydrogen isocyanide	18407	hydrogen cyanide	36856	hydrogen isocyanide	rules miss the change	C#N	[C-]#[NH+]
36924	antimonate(2−)	36923	antimonate(1−)	36924	antimonate(2−)	rules miss the change	[O]=[Sb]([O-])([OH])[OH]	[O]=[Sb]([O-])([O-])[OH]
38100	benzenesulfinate	38100	benzenesulfinate	32404	benzenesulfinic acid	rules pick another ChEBI entity	O=S([O-])c1ccccc1	O=S(O)c1ccccc1
38151	ferrienterobactin	28199	ferrienterobactin(3−)	38151	ferrienterobactin	rules miss the change	O=C1N[C@H]2COC(=O)[C@@H]3COC(=O)[C@H](COC2=O)NC(=O)c2cccc4c2[O][Fe-3]25([O]c6cccc1c6[O]2)([O]c1cccc(c1[O]5)C(=O)N3)[O]4	O=C1[NH2+][C@H]2COC(=O)[C@@H]3COC(=O)[C@H](COC2=O)[NH2+]C(=O)c2cccc4c2[O][Fe-3]25([O]c6cccc1c6[O]2)([O]c1cccc(c1[O]5)C(=O)[NH2+]3)[O]4
38159	3-<em>epi</em>-3-hydroxy-2'-deoxymugineic acid	58684	3-<em>epi</em>-3-hydroxy-2'-deoxymugineate	38159	3-<em>epi</em>-3-hydroxy-2'-deoxymugineic acid	rules miss the change	O=C([O-])[C@H](CCN1C[C@H](O)[C@H]1C(=O)[O-])[NH2+]CC[C@H](O)C(=O)[O-]	O=C([O-])[C@H](CC[NH+]1C[C@H](O)[C@H]1C(=O)[O-])[NH2+]CC[C@H](O)C(=O)[O-]
38257	pheophorbide <em>a</em>	58687	pheophorbide a(2−)	38257	pheophorbide <em>a</em>	rules miss the change	C=CC1=C(C)C2=NC1=CC1=NC(=CC3=NC4=C(C5=NC(=C2)[C@@H](C)[C@@H]5CCC(=O)[O-])[C-](C(=O)OC)C(=O)C4=C3C)C(CC)=C1C	C=CC1=C(C)C2=NC1=CC1=NC(=CC3=NC4=C(C5=NC(=C2)[C@@H](C)[C@@H]5CCC(=O)[O-])[C@@H](C(=O)OC)C(=O)C4=C3C)C(CC)=C1C
38259	divinyl chlorophyllide <em>a</em>	83349	divinyl chlorophyllide <em>a</em>(2−)	38259	divinyl chlorophyllide <em>a</em>	rules miss the change	C=CC1=C(C)C2=[N+]3C1=Cc1c(C)c4c5[n]1[Mg-2]31[n]3c(c(C)c(C=C)c3=C2)=CC2=[N+]1C(=C5[C-](C(=O)OC)C4=O)[C@@H](CCC(=O)[O-])[C@@H]2C	C=CC1=C(C)C2=[N+]3C1=Cc1c(C)c4c5[n]1[Mg-2]31[n]3c(c(C)c(C=C)c3=C2)=CC2=[N+]1C(=C5[C@@H](C(=O)OC)C4=O)[C@@H](CCC(=O)O)[C@@H]2C
38722	aurothiomalic acid	68613	aurothiomalate(2−)	38722	aurothiomalic acid	rules miss the change	O=C([O-])CC([S][Au])C(=O)[O-]	O=C(O)CC([S][Au])C(=O)O
40009	<small>D</small>-cycloserine	74159	<small>D</small>-cycloserine zwitterion	75929	<small>D</small>-cycloserine(1+)	rules pick another ChEBI entity	[NH3+][C@@H]1CO[N-]C1=O	[NH3+][C@@H]1CONC1=O
40070	4-hydroxycoumarin	77858	4-hydroxycoumarin(1−)	40070	4-hydroxycoumarin	rules miss the change	O=c1cc([O-])c2ccccc2o1	O=c1cc(O)c2ccccc2o1
41033	benzamidine	187892	benzamidine(1+)	41033	benzamidine	rules miss the change	NC(=[NH2+])c1ccccc1	N=C(N)c1ccccc1
42160	dithionite(2−)	42160	dithionite(2−)	29253	dithionous acid	rules pick another ChEBI entity	O=S([O-])S(=O)[O-]	O=S(O)S(=O)O
42223	emodin	77659	emodin(1−)	42223	emodin	rules miss the change	Cc1cc(O)c2c(c1)C(=O)c1cc([O-])cc(O)c1C2=O	Cc1cc(O)c2c(c1)C(=O)c1cc(O)cc(O)c1C2=O
42699	fluoridophosphate	42699	fluoridophosphate	30210	fluorophosphoric acid	rules pick another ChEBI entity	O=P([O-])([O-])F	O=P(O)(O)F
44576	2'-hydroxybiphenyl-2-sulfinic acid	18218	2'-hydroxybiphenyl-2-sulfinate	44576	2'-hydroxybiphenyl-2-sulfinic acid	rules miss the change	O=S([O-])c1ccccc1-c1ccccc1O	O=S(O)c1ccccc1-c1ccccc1O
44898	pheophytin <em>a</em>	136840	pheophytin <em>a</em>(1−)	44898	pheophytin <em>a</em>	rules miss the change	C=CC1=C(C)C2=NC1=CC1=NC(=CC3=NC4=C(C5=NC(=C2)[C@@H](C)[C@@H]5CCC(=O)OC/C=C(\C)CCC[C@H](C)CCC[C@H](C)CCCC(C)C)[C-](C(=O)OC)C(=O)C4=C3C)C(CC)=C1C	C=CC1=C(C)C2=NC1=CC1=NC(=CC3=NC4=C(C5=NC(=C2)[C@@H](C)[C@@H]5CCC(=O)OC/C=C(\C)CCC[C@H](C)CCC[C@H](C)CCCC(C)C)[C@@H](C(=O)OC)C(=O)C4=C3C)C(CC)=C1C
44951	dioxidophosphate(1−)	44951	dioxidophosphate(1−)	36363	hydroxyphosphanone	rules pick another ChEBI entity	O=P[O-]	O=PO
44976	phosphonic acid	33462	phosphonate(1−)	44976	phosphonic acid	rules miss the change	O=[PH]([O-])O	O=[PH](O)O
46442	vanadate(3−)	35169	dihydrogenvanadate	46442	vanadate(3−)	rules miss the change	[O]=[V]([O-])([OH])[OH]	[O]=[V]([O-])([O-])[O-]
46611	phosphorothioic <em>O</em>,<em>O</em>,<em>O</em>-acid	74752	thiophosphate(2−)	46611	phosphorothioic <em>O</em>,<em>O</em>,<em>O</em>-acid	rules miss the change	[O-]P([O-])(O)=S	[O-]P([O-])([O-])=S
46800	ethanethioic <em>O</em>-acid	30320	thioacetate	46800	ethanethioic <em>O</em>-acid	rules miss the change	CC(=O)[S-]	CC(O)=S
47266	hydrogen bromide	15858	bromide	47266	hydrogen bromide	rules miss the change	[Br-]	Br
47724	vancomycin aglycone	77981	vancomycin aglycone(1−)	75954	vancomycin aglycone zwitterion	rules pick another ChEBI entity	C[NH2+][C@H](CC(C)C)C(=O)N[C@H]1C(=O)N[C@@H](CC(N)=O)C(=O)N[C@H]2C(=O)N[C@H]3C(=O)N[C@H](C(=O)N[C@H](C(=O)[O-])c4cc(O)cc(O)c4-c4cc3ccc4O)[C@H](O)c3ccc(c(Cl)c3)Oc3cc2cc(c3[O-])Oc2ccc(cc2Cl)[C@H]1O	C[NH2+][C@H](CC(C)C)C(=O)N[C@H]1C(=O)N[C@@H](CC(N)=O)C(=O)N[C@H]2C(=O)N[C@H]3C(=O)N[C@H](C(=O)N[C@H](C(=O)[O-])c4cc(O)cc(O)c4-c4cc3ccc4O)[C@H](O)c3ccc(c(Cl)c3)Oc3cc2cc(c3O)Oc2ccc(cc2Cl)[C@H]1O
47819	<em>N</em><small><sup>5</small></sup>-[amino(hydroxyimino)methyl]-<small>L</small>-ornithine	60107	<em>N</em><small><sup>5</small></sup>-[(hydroxyamino)(imino)methyl]-<small>L</small>-ornithinium(1+)	60111	<em>N</em><small><sup>5</small></sup>-[amino(hydroxyimino)methyl]-<small>L</small>-ornithine zwitterion	rules pick another ChEBI entity	[NH2+]=C(NO)NCCC[C@H]([NH3+])C(=O)[O-]	NC(=NO)NCCC[C@H]([NH3+])C(=O)[O-]
47821	<em>N</em><small><sup>5</small></sup>-[(<i>E</i>)-amino(hydroxyimino)methyl]-<small>L</small>-ornithine	60107	<em>N</em><small><sup>5</small></sup>-[(hydroxyamino)(imino)methyl]-<small>L</small>-ornithinium(1+)	47821	<em>N</em><small><sup>5</small></sup>-[(<i>E</i>)-amino(hydroxyimino)methyl]-<small>L</small>-ornithine	rules miss the change	[NH2+]=C(NO)NCCC[C@H]([NH3+])C(=O)[O-]	N/C(=N\O)NCCC[C@H]([NH3+])C(=O)[O-]
47822	<em>N</em><small><sup>5</small></sup>-[(<i>Z</i>)-amino(hydroxyimino)methyl]-<small>L</small>-ornithine	60107	<em>N</em><small><sup>5</small></sup>-[(hydroxyamino)(imino)methyl]-<small>L</small>-ornithinium(1+)	47822	<em>N</em><small><sup>5</small></sup>-[(<i>Z</i>)-amino(hydroxyimino)methyl]-<small>L</small>-ornithine	rules miss the change	[NH2+]=C(NO)NCCC[C@H]([NH3+])C(=O)[O-]	N/C(=N/O)NCCC[C@H]([NH3+])C(=O)[O-]
47858	1-piperideine	144897	1-piperideinium	47858	1-piperideine	rules miss the change	C1=[NH+]CCCC1	C1=NCCCC1
47864	hypofluorous acid	30244	hypofluorite	47864	hypofluorous acid	rules miss the change	[O-]F	OF
48007	<em>N</em>-[(<i>E</i>)-4-aminobutylidene]propane-1,3-diamine	58732	<em>N</em>-[(<i>E</i>)-4-ammoniobutylidene]propane-1,3-diaminium	48007	<em>N</em>-[(<i>E</i>)-4-aminobutylidene]propane-1,3-diamine	rules miss the change	[NH3+]CCC/C=[NH+]/CCC[NH3+]	[NH3+]CCC/C=N/CCC[NH3+]
48052	2,3-dihydrodipicolinic acid	11421	2,3-dihydrodipicolinate(2−)	48052	2,3-dihydrodipicolinic acid	rules miss the change	O=C([O-])C1=NC(C(=O)[O-])CC=C1	O=C([O-])C1=[NH+]C(C(=O)[O-])CC=C1
48305	2-aminobut-2-enoic acid	48306	2-aminobut-2-enoic acid zwitterion	58739	2-aminobut-2-enoate	rules pick another ChEBI entity	CC=C([NH3+])C(=O)[O-]	CC=C(N)C(=O)[O-]
48306	2-aminobut-2-enoic acid zwitterion	48306	2-aminobut-2-enoic acid zwitterion	58739	2-aminobut-2-enoate	rules pick another ChEBI entity	CC=C([NH3+])C(=O)[O-]	CC=C(N)C(=O)[O-]
48431	formimidic acid	16397	formamide	48431	formimidic acid	rules miss the change	NC=O	N=CO
48597	arsenate(2−)	48597	arsenate(2−)	48600	arsenate(1−)	rules pick another ChEBI entity	O=[As]([O-])([O-])O	O=[As]([O-])(O)O
48600	arsenate(1−)	48597	arsenate(2−)	48600	arsenate(1−)	rules miss the change	O=[As]([O-])([O-])O	O=[As]([O-])(O)O
48854	sulfurous acid	17359	sulfite	48854	sulfurous acid	rules miss the change	O=S([O-])[O-]	O=S(O)O
48948	demethylsulochrin	77886	demethylsulochrin(2−)	58760	demethylsulochrin(1−)	rules pick another ChEBI entity	COc1cc(O)cc(C(=O)[O-])c1C(=O)c1c([O-])cc(C)cc1O	COc1cc(O)cc(C(=O)[O-])c1C(=O)c1c(O)cc(C)cc1O
49028	acetimidic acid	27856	acetamide	49028	acetimidic acid	rules miss the change	CC(N)=O	CC(=N)O
49706	perchlorate	49706	perchlorate	29221	perchloric acid	rules pick another ChEBI entity	[O-][Cl+3]([O-])([O-])[O-]	[O-][Cl+3]([O-])([O-])O
49709	chlorate	49709	chlorate	17322	chloric acid	rules pick another ChEBI entity	[O-][Cl+2]([O-])[O-]	[O-][Cl+2]([O-])O
49826	periodate	49826	periodate	29149	periodic acid	rules pick another ChEBI entity	[O-][I+3]([O-])([O-])[O-]	[O-][I+3]([O-])([O-])O
49900	arsenous acid	29242	arsenite(1−)	49900	arsenous acid	rules miss the change	[O-][As](O)O	O[As](O)O
50104	TNP-ATP	50105	TNP-ATP<small><sup>5−</small></sup>	50104	TNP-ATP	rules miss the change	Nc1ncnc2c1ncn2[C@@H]1O[C@H](COP(=O)([O-])OP(=O)([O-])OP(=O)([O-])[O-])[C@H]2OC3(O[C@H]21)C([N+](=O)[O-])=C[C-]([N+](=O)[O-])C=C3[N+](=O)[O-]	Nc1ncnc2c1ncn2[C@@H]1O[C@H](COP(=O)([O-])OP(=O)([O-])OP(=O)([O-])[O-])[C@H]2OC3(O[C@H]21)C([N+](=O)[O-])=CC([N+](=O)[O-])=CC3[N+](=O)[O-]
50122	rosiglitazone	188074	rosiglitazone(1−)	50122	rosiglitazone	rules miss the change	CN(CCOc1ccc(CC2SC(=O)[N-]C2=O)cc1)c1ccccn1	CN(CCOc1ccc(CC2SC(=O)NC2=O)cc1)c1ccccn1
50152	sulfurothious <em>O</em>-acid	29257	thiosulfite(2−)	50152	sulfurothious <em>O</em>-acid	rules miss the change	O=S([O-])[S-]	OS(O)=S
50634	acetazolamide(1−)	50634	acetazolamide(1−)	27690	acetazolamide	rules pick another ChEBI entity	CC(=O)Nc1nnc(S([NH-])(=O)=O)s1	CC(=O)Nc1nnc(S(N)(=O)=O)s1
50694	minocycline	77906	minocycline zwitterion	71337	minocycline(1−)	rules pick another ChEBI entity	CN(C)c1ccc(O)c2c1C[C@H]1C[C@H]3[C@H]([NH+](C)C)C([O-])=C(C(N)=O)C(=O)[C@@]3(O)C(O)=C1C2=O	CN(C)c1ccc(O)c2c1C[C@H]1C[C@H]3[C@H]([NH+](C)C)C([O-])=C(C(N)=O)C(=O)[C@@]3(O)C([O-])=C1C2=O
51591	subphthalocyaninate(2−)	51587	subphthalocyanine	51591	subphthalocyaninate(2−)	rules miss the change	c1ccc2c(c1)C1=NC2=NC2=NC(=NC3=NC(=N1)c1ccccc13)c1ccccc12	c1ccc2c(c1)-c1nc-2nc2[nH]c(nc3[nH]c(n1)c1ccccc31)c1ccccc21
51836	3,3'-biflaviolin	77877	3,3'-biflaviolin(3−)	58871	3,3'-biflaviolin 2,2'-diolate	rules pick another ChEBI entity	O=C1C([O-])=C(C2=C([O-])C(=O)c3cc(O)cc(O)c3C2=O)C(=O)c2c(O)cc([O-])cc21	O=C1C([O-])=C(C2=C([O-])C(=O)c3cc(O)cc(O)c3C2=O)C(=O)c2c(O)cc(O)cc21
51837	3,8'-biflaviolin	77840	3,8'-biflaviolin 2,7,2'-triolate	58872	3,8'-biflaviolin 2,2'-diolate	rules pick another ChEBI entity	O=C1C([O-])=C(c2c([O-])cc(O)c3c2C(=O)C([O-])=CC3=O)C(=O)c2c(O)cc(O)cc21	O=C1C([O-])=C(c2c(O)cc(O)c3c2C(=O)C([O-])=CC3=O)C(=O)c2c(O)cc(O)cc21
51874	auramine O free base	87485	auramine O(1+)	51874	auramine O free base	rules miss the change	CN(C)c1ccc(C(=[NH2+])c2ccc(N(C)C)cc2)cc1	CN(C)c1ccc(C(=N)c2ccc(N(C)C)cc2)cc1
52141	squaric acid	59711	hydrogensquarate	52141	squaric acid	rules miss the change	O=c1c([O-])c(O)c1=O	O=c1c(O)c(O)c1=O
52166	hydrabamine	52171	hydrabamine(2+)	52170	hydrabamine(1+)	rules pick another ChEBI entity	CC(C)c1ccc2c(c1)CC[C@H]1[C@](C)(C[NH2+]CC[NH2+]C[C@]3(C)CCC[C@]4(C)c5ccc(C(C)C)cc5CC[C@@H]34)CCC[C@]21C	CC(C)c1ccc2c(c1)CC[C@H]1[C@](C)(CNCC[NH2+]C[C@]3(C)CCC[C@]4(C)c5ccc(C(C)C)cc5CC[C@@H]34)CCC[C@]21C
52170	hydrabamine(1+)	52171	hydrabamine(2+)	52170	hydrabamine(1+)	rules miss the change	CC(C)c1ccc2c(c1)CC[C@H]1[C@](C)(C[NH2+]CC[NH2+]C[C@]3(C)CCC[C@]4(C)c5ccc(C(C)C)cc5CC[C@@H]34)CCC[C@]21C	CC(C)c1ccc2c(c1)CC[C@H]1[C@](C)(CNCC[NH2+]C[C@]3(C)CCC[C@]4(C)c5ccc(C(C)C)cc5CC[C@@H]34)CCC[C@]21C
52171	hydrabamine(2+)	52171	hydrabamine(2+)	52170	hydrabamine(1+)	rules pick another ChEBI entity	CC(C)c1ccc2c(c1)CC[C@H]1[C@](C)(C[NH2+]CC[NH2+]C[C@]3(C)CCC[C@]4(C)c5ccc(C(C)C)cc5CC[C@@H]34)CCC[C@]21C	CC(C)c1ccc2c(c1)CC[C@H]1[C@](C)(CNCC[NH2+]C[C@]3(C)CCC[C@]4(C)c5ccc(C(C)C)cc5CC[C@@H]34)CCC[C@]21C
52488	cobalt-precorrin-5A	60062	cobalt-precorrin-5A(7−)	52488	cobalt-precorrin-5A	rules miss the change	CC1OC(=O)C[C@@]2(C)[C@H](CCC(=O)[O-])C3=CC4=[N+]5C(=C(CCC(=O)[O-])[C@]4(C)CC(=O)[O-])C[C@@]4(C)C(CC(=O)[O-])=C(CCC(=O)[O-])C6=CC7=[N+]8C(=C(CC(=O)[O-])[C@@]7(C)CCC(=O)[O-])C12[N]3[Co-2]58[N]64	CC1OC(=O)C[C@@]2(C)[C@H](CCC(=O)O)C3=CC4=[N+]5C(=C(CCC(=O)O)[C@]4(C)CC(=O)O)C[C@@]4(C)C(CC(=O)O)=C(CCC(=O)O)C6=CC7=[N+]8C(=C(CC(=O)O)[C@@]7(C)CCC(=O)O)C12[N]3[Co-2]58[N]64
52489	cobalt-precorrin-5B	60063	cobalt-precorrin-5B(8−)	52489	cobalt-precorrin-5B	rules miss the change	C[C@]1(CC(=O)[O-])C(CCC(=O)[O-])=C2C[C@@]3(C)C(CC(=O)[O-])=C(CCC(=O)[O-])C4=CC5=[N+]6C(=C7[N]8C(=CC1=[N+]2[Co-2]86[N]43)[C@@H](CCC(=O)[O-])[C@]7(C)CC(=O)[O-])[C@H](CC(=O)[O-])[C@@]5(C)CCC(=O)[O-]	C[C@]1(CC(=O)O)C(CCC(=O)O)=C2C[C@@]3(C)C(CC(=O)O)=C(CCC(=O)O)C4=CC5=[N+]6C(=C7[N]8C(=CC1=[N+]2[Co-2]86[N]43)[C@@H](CCC(=O)O)[C@]7(C)CC(=O)O)[C@H](CC(=O)O)[C@@]5(C)CCC(=O)O
52490	cobalt-precorrin-7	70791	cobalt-precorrin-7(7−)	52490	cobalt-precorrin-7	rules miss the change	CC1=C(CCC(=O)[O-])C2=[N+]3[C@@]1(C)CC1=C(CCC(=O)[O-])[C@](C)(CC(=O)[O-])C4=[N+]1[Co-2]31[N]3C(=C4)[C@@H](CCC(=O)[O-])[C@](C)(CC(=O)[O-])[C@]3(C)[C@H]3[C@H](CC(=O)[O-])[C@@](C)(CCC(=O)[O-])C(=[N+]31)C2C	CC1=C(CCC(=O)O)C2=[N+]3[C@@]1(C)CC1=C(CCC(=O)O)[C@](C)(CC(=O)O)C4=[N+]1[Co-2]31[N]3C(=C4)[C@@H](CCC(=O)O)[C@](C)(CC(=O)O)[C@]3(C)[C@H]3[C@H](CC(=O)O)[C@@](C)(CCC(=O)O)C(=[N+]31)C2C
52491	cobalt-sirohydrochlorin	60049	cobalt-sirohydrochlorin(8−)	52491	cobalt-sirohydrochlorin	rules miss the change	C[C@@]1(CC(=O)[O-])C2=CC3=[N+]4C(=Cc5c(CC(=O)[O-])c(CCC(=O)[O-])c6[n]5[Co-2]45[N]2C(=CC2=[N+]5C(=C6)C(CCC(=O)[O-])=C2CC(=O)[O-])[C@H]1CCC(=O)[O-])[C@@](C)(CC(=O)[O-])[C@@H]3CCC(=O)[O-]	C[C@@]1(CC(=O)O)C2=CC3=[N+]4C(=Cc5c(CC(=O)O)c(CCC(=O)O)c6[n]5[Co-2]45[N]2C(=CC2=[N+]5C(=C6)C(CCC(=O)O)=C2CC(=O)O)[C@H]1CCC(=O)O)[C@@](C)(CC(=O)O)[C@@H]3CCC(=O)O
53782	<em>N</em>-chlorotoluene-<em>p</em>-sulfonamide	53787	chloro(<em>p</em>-tolylsulfonyl)azanide	53782	<em>N</em>-chlorotoluene-<em>p</em>-sulfonamide	rules miss the change	Cc1ccc(S(=O)(=O)[N-]Cl)cc1	Cc1ccc(S(=O)(=O)NCl)cc1
53787	chloro(<em>p</em>-tolylsulfonyl)azanide	53787	chloro(<em>p</em>-tolylsulfonyl)azanide	53782	<em>N</em>-chlorotoluene-<em>p</em>-sulfonamide	rules pick another ChEBI entity	Cc1ccc(S(=O)(=O)[N-]Cl)cc1	Cc1ccc(S(=O)(=O)NCl)cc1
55327	<em>aci</em>-nitroethane(1−)	77894	<em>aci</em>-nitroethane	55327	<em>aci</em>-nitroethane(1−)	rules miss the change	C/C=[N+](\[O-])O	CC=[N+]([O-])[O-]
55334	delphinidin 3-<em>O</em>-(6''-<em>O</em>-malonyl)-β-<small>D</small>-glucoside	77887	delphinidin 3-<em>O</em>-(6''-<em>O</em>-malonyl)-β-<small>D</small>-glucoside(2−)	55334	delphinidin 3-<em>O</em>-(6''-<em>O</em>-malonyl)-β-<small>D</small>-glucoside	rules miss the change	O=C([O-])CC(=O)OC[C@H]1O[C@@H](Oc2cc3c([O-])cc([O-])cc3[o+]c2-c2cc(O)c(O)c(O)c2)[C@H](O)[C@@H](O)[C@@H]1O	O=C([O-])CC(=O)OC[C@H]1O[C@@H](Oc2cc3c(O)cc(O)cc3[o+]c2-c2cc(O)c(O)c(O)c2)[C@H](O)[C@@H](O)[C@@H]1O
55335	ternatin C5	58912	ternatin C5(2−)	55335	ternatin C5	rules miss the change	O=C([O-])CC(=O)OC[C@H]1O[C@@H](Oc2cc3c([O-])cc([O-])cc3[o+]c2-c2cc(O[C@@H]3O[C@H](CO)[C@@H](O)[C@H](O)[C@H]3O)c(O)c(O[C@@H]3O[C@H](CO)[C@@H](O)[C@H](O)[C@H]3O)c2)[C@H](O)[C@@H](O)[C@@H]1O	O=C([O-])CC(=O)OC[C@H]1O[C@@H](Oc2cc3c(O)cc(O)cc3[o+]c2-c2cc(O[C@@H]3O[C@H](CO)[C@@H](O)[C@H](O)[C@H]3O)c(O)c(O[C@@H]3O[C@H](CO)[C@@H](O)[C@H](O)[C@H]3O)c2)[C@H](O)[C@@H](O)[C@@H]1O
55336	delphinidin 3-<em>O</em>-(6''-<em>O</em>-malonyl)-β-<small>D</small>-glucoside-3'-<em>O</em>-β-<small>D</small>-glucoside	58913	delphinidin-5-olate 3-<em>O</em>-(6''-<em>O</em>-carboxylatoacetyl)-β-<small>D</small>-glucoside-3'-<em>O</em>-β-<small>D</small>-glucoside(1−)	55336	delphinidin 3-<em>O</em>-(6''-<em>O</em>-malonyl)-β-<small>D</small>-glucoside-3'-<em>O</em>-β-<small>D</small>-glucoside	rules miss the change	O=C([O-])CC(=O)OC[C@H]1O[C@@H](Oc2cc3c([O-])cc(O)cc3[o+]c2-c2cc(O)c(O)c(O[C@@H]3O[C@H](CO)[C@@H](O)[C@H](O)[C@H]3O)c2)[C@H](O)[C@@H](O)[C@@H]1O	O=C([O-])CC(=O)OC[C@H]1O[C@@H](Oc2cc3c(O)cc(O)cc3[o+]c2-c2cc(O)c(O)c(O[C@@H]3O[C@H](CO)[C@@H](O)[C@H](O)[C@H]3O)c2)[C@H](O)[C@@H](O)[C@@H]1O
55357	(<i>R</i>)-piperazine-2-carboxylic acid	58917	(<i>R</i>)-piperazine-2-carboxylic acid zwitterion	55357	(<i>R</i>)-piperazine-2-carboxylic acid	rules miss the change	O=C([O-])[C@H]1CNCC[NH2+]1	O=C([O-])[C@H]1C[NH2+]CCN1
55358	(<i>R</i>)-piperazine-2-carboxylate	58917	(<i>R</i>)-piperazine-2-carboxylic acid zwitterion	55358	(<i>R</i>)-piperazine-2-carboxylate	rules miss the change	O=C([O-])[C@H]1CNCC[NH2+]1	O=C([O-])[C@H]1C[NH2+]CCN1
55392	(<i>S</i>)-piperazine-2-carboxylic acid	58920	(<i>S</i>)-piperazine-2-carboxylic acid zwitterion	55392	(<i>S</i>)-piperazine-2-carboxylic acid	rules miss the change	O=C([O-])[C@@H]1CNCC[NH2+]1	O=C([O-])[C@@H]1C[NH2+]CCN1
55393	(<i>S</i>)-piperazine-2-carboxylate	58920	(<i>S</i>)-piperazine-2-carboxylic acid zwitterion	55393	(<i>S</i>)-piperazine-2-carboxylate	rules miss the change	O=C([O-])[C@@H]1CNCC[NH2+]1	O=C([O-])[C@@H]1C[NH2+]CCN1
55455	delphinidin 3-<em>O</em>-β-<small>D</small>-glucoside-5-<em>O</em>-β-<small>D</small>-glucoside	77838	delphinidin 3-<em>O</em>-β-<small>D</small>-glucoside-5-<em>O</em>-β-<small>D</small>-glucoside betaine	55455	delphinidin 3-<em>O</em>-β-<small>D</small>-glucoside-5-<em>O</em>-β-<small>D</small>-glucoside	rules miss the change	[O-]c1cc(O[C@@H]2O[C@H](CO)[C@@H](O)[C@H](O)[C@H]2O)c2cc(O[C@@H]3O[C@H](CO)[C@@H](O)[C@H](O)[C@H]3O)c(-c3cc(O)c(O)c(O)c3)[o+]c2c1	OC[C@H]1O[C@@H](Oc2cc3c(O[C@@H]4O[C@H](CO)[C@@H](O)[C@H](O)[C@H]4O)cc(O)cc3[o+]c2-c2cc(O)c(O)c(O)c2)[C@H](O)[C@@H](O)[C@@H]1O
57495	2-aminomuconate 6-semialdehyde(1−)	77634	2-aminomuconic 6-semialdehyde zwitterion	57495	2-aminomuconate 6-semialdehyde(1−)	rules miss the change	[NH3+]/C(=C/C=C\C=O)C(=O)[O-]	N/C(=C/C=C\C=O)C(=O)[O-]
57676	questin-2-olate	57676	questin-2-olate	16200	questin	rules pick another ChEBI entity	COc1cc([O-])cc2c1C(=O)c1c(O)cc(C)cc1C2=O	COc1cc(O)cc2c1C(=O)c1c(O)cc(C)cc1C2=O
57788	isonocardicin A(1−)	77633	isonocardicin A(2−)	57788	isonocardicin A(1−)	rules miss the change	[NH3+][C@@H](CCOc1ccc(/C(=N/[O-])C(=O)N[C@H]2CN([C@@H](C(=O)[O-])c3ccc(O)cc3)C2=O)cc1)C(=O)[O-]	[NH3+][C@@H](CCOc1ccc(/C(=N/O)C(=O)N[C@H]2CN([C@@H](C(=O)[O-])c3ccc(O)cc3)C2=O)cc1)C(=O)[O-]
57855	protochlorophyllide(1−)	83350	protochlorophyllide(2−)	57855	protochlorophyllide(1−)	rules miss the change	C=Cc1c(C)c2[n]3c1=CC1=[N+]4C(=Cc5c(C)c6c7[n]5[Mg-2]34[N+]3=C(C=2)C(C)=C(CCC(=O)[O-])C3=C7[C-](C(=O)OC)C6=O)C(CC)=C1C	C=Cc1c(C)c2[n]3c1=CC1=[N+]4C(=Cc5c(C)c6c7[n]5[Mg-2]34[N+]3=C(C=2)C(C)=C(CCC(=O)[O-])C3=C7[C@@H](C(=O)OC)C6=O)C(CC)=C1C
57937	(2<i>Z</i>,4<i>E</i>)-2-aminomuconate(2−)	77859	(2<i>Z</i>,4<i>E</i>)-2-ammoniomuconate(1−)	57937	(2<i>Z</i>,4<i>E</i>)-2-aminomuconate(2−)	rules miss the change	[NH3+]/C(=C\C=C\C(=O)[O-])C(=O)[O-]	N/C(=C\C=C\C(=O)[O-])C(=O)[O-]
57942	chlorophyllide <em>a</em>(1−)	83348	chlorophyllide <em>a</em>(2−)	57942	chlorophyllide <em>a</em>(1−)	rules miss the change	C=Cc1c(C)c2[n]3c1=CC1=[N+]4C(=Cc5c(C)c6c7[n]5[Mg-2]34[N+]3=C(C=2)[C@@H](C)[C@H](CCC(=O)[O-])C3=C7[C-](C(=O)OC)C6=O)C(CC)=C1C	C=Cc1c(C)c2[n]3c1=CC1=[N+]4C(=Cc5c(C)c6c7[n]5[Mg-2]34[N+]3=C(C=2)[C@@H](C)[C@H](CCC(=O)[O-])C3=C7[C@@H](C(=O)OC)C6=O)C(CC)=C1C
58020	2-aminoacrylate	76565	2-ammonioprop-2-enoate	58020	2-aminoacrylate	rules miss the change	C=C([NH3+])C(=O)[O-]	C=C(N)C(=O)[O-]
58070	dehydroascorbide(1−)	58070	dehydroascorbide(1−)	17242	dehydroascorbic acid	rules pick another ChEBI entity	O=C1O[C-](C(O)CO)C(=O)C1=O	O=C1OC(C(O)CO)C(=O)C1=O
58176	phenylthioacetohydroximate	58176	phenylthioacetohydroximate	17520	phenylthioacetohydroximic acid	rules pick another ChEBI entity	O/N=C(\[S-])Cc1ccccc1	O/N=C(\S)Cc1ccccc1
58244	nocardicin A(1−)	77658	nocardicin A(2−)	58244	nocardicin A(1−)	rules miss the change	[NH3+][C@H](CCOc1ccc(/C(=N/[O-])C(=O)N[C@H]2CN([C@@H](C(=O)[O-])c3ccc(O)cc3)C2=O)cc1)C(=O)[O-]	[NH3+][C@H](CCOc1ccc(/C(=N/O)C(=O)N[C@H]2CN([C@@H](C(=O)[O-])c3ccc(O)cc3)C2=O)cc1)C(=O)[O-]
58323	hydrogenobyrinate(6−)	77873	hydrogenobyrinate(4−)	58323	hydrogenobyrinate(6−)	rules miss the change	C/C1=C2/[NH+]=C(/C=C3\[NH+]=C(/C(C)=C4\N[C@@](C)([C@@H]5[NH+]=C1[C@](C)(CCC(=O)[O-])[C@H]5CC(=O)[O-])[C@@](C)(CC(=O)[O-])[C@@H]4CCC(=O)[O-])[C@@](C)(CC(=O)[O-])[C@@H]3CCC(=O)[O-])C(C)(C)[C@@H]2CCC(=O)[O-]	C/C1=C2/N=C(/C=C3\N=C(/C(C)=C4\N[C@@](C)([C@@H]5N=C1[C@](C)(CCC(=O)[O-])[C@H]5CC(=O)[O-])[C@@](C)(CC(=O)[O-])[C@@H]4CCC(=O)[O-])[C@@](C)(CC(=O)[O-])[C@@H]3CCC(=O)[O-])C(C)(C)[C@@H]2CCC(=O)[O-]
58344	3-(3,4-dioxidopyridinium-1-yl)-<small>L</small>-alanine(1−)	77848	3-(3,4-dihydroxypyridinium-1-yl)-<small>L</small>-alanine zwitterion	58344	3-(3,4-dioxidopyridinium-1-yl)-<small>L</small>-alanine(1−)	rules miss the change	[NH3+][C@@H](C[n+]1ccc(O)c([O-])c1)C(=O)[O-]	[NH3+][C@@H](C[n+]1ccc(O)c(O)c1)C(=O)[O-]
58513	precorrin-6X(8−)	77872	precorrin-6A(7−)	58513	precorrin-6X(8−)	rules miss the change	C[C@]1(CCC(=O)[O-])C2=NC(=C1CC(=O)[O-])[C@]1(C)N/C(=C\C3=[NH+]C(=C(CCC(=O)[O-])[C@]3(C)CC(=O)[O-])C[C@]3(C)N=C(C2)C(CCC(=O)[O-])=C3CC(=O)[O-])[C@@H](CCC(=O)[O-])[C@]1(C)CC(=O)[O-]	C[C@]1(CCC(=O)[O-])C2=NC(=C1CC(=O)[O-])[C@]1(C)N/C(=C\C3=NC(=C(CCC(=O)[O-])[C@]3(C)CC(=O)[O-])C[C@]3(C)N=C(C2)C(CCC(=O)[O-])=C3CC(=O)[O-])[C@@H](CCC(=O)[O-])[C@]1(C)CC(=O)[O-]
58536	hydrogenobyrinic acid <em>a</em>,<em>c</em>-diamide(4−)	77874	hydrogenobyrinic acid <em>a</em>,<em>c</em>-diamide(2−)	58536	hydrogenobyrinic acid <em>a</em>,<em>c</em>-diamide(4−)	rules miss the change	C/C1=C2/[NH+]=C(/C=C3\[NH+]=C(/C(C)=C4\N[C@@](C)([C@@H]5[NH+]=C1[C@](C)(CCC(=O)[O-])[C@H]5CC(=O)[O-])[C@@](C)(CC(N)=O)[C@@H]4CCC(=O)[O-])[C@@](C)(CC(N)=O)[C@@H]3CCC(=O)[O-])C(C)(C)[C@@H]2CCC(=O)[O-]	C/C1=C2/N=C(/C=C3\N=C(/C(C)=C4\N[C@@](C)([C@@H]5N=C1[C@](C)(CCC(=O)[O-])[C@H]5CC(=O)[O-])[C@@](C)(CC(N)=O)[C@@H]4CCC(=O)[O-])[C@@](C)(CC(N)=O)[C@@H]3CCC(=O)[O-])C(C)(C)[C@@H]2CCC(=O)[O-]
58610	nocardicin E(1−)	77885	nocardicin E(2−)	58610	nocardicin E(1−)	rules miss the change	O=C(N[C@H]1CN([C@@H](C(=O)[O-])c2ccc(O)cc2)C1=O)/C(=N\[O-])c1ccc(O)cc1	O=C(N[C@H]1CN([C@@H](C(=O)[O-])c2ccc(O)cc2)C1=O)/C(=N\O)c1ccc(O)cc1
58618	hydrogenselenophosphate	16144	selenophosphate	29269	selenophosphoric acid	rules pick another ChEBI entity	[O-]P([O-])([O-])=[Se]	OP(O)(O)=[Se]
58688	divinyl chlorophyllide a(1−)	83349	divinyl chlorophyllide <em>a</em>(2−)	58688	divinyl chlorophyllide a(1−)	rules miss the change	C=CC1=C(C)C2=[N+]3C1=Cc1c(C)c4c5[n]1[Mg-2]31[n]3c(c(C)c(C=C)c3=C2)=CC2=[N+]1C(=C5[C-](C(=O)OC)C4=O)[C@@H](CCC(=O)[O-])[C@@H]2C	C=CC1=C(C)C2=[N+]3C1=Cc1c(C)c4c5[n]1[Mg-2]31[n]3c(c(C)c(C=C)c3=C2)=CC2=[N+]1C(=C5[C@@H](C(=O)OC)C4=O)[C@@H](CCC(=O)[O-])[C@@H]2C
58739	2-aminobut-2-enoate	48306	2-aminobut-2-enoic acid zwitterion	58739	2-aminobut-2-enoate	rules miss the change	CC=C([NH3+])C(=O)[O-]	CC=C(N)C(=O)[O-]
58741	7<small><sup>1</small></sup>-hydroxychlorophyllide <em>a</em>(1−)	83357	7<small><sup>1</small></sup>-hydroxychlorophyllide <em>a</em>(2−)	58741	7<small><sup>1</small></sup>-hydroxychlorophyllide <em>a</em>(1−)	rules miss the change	C=Cc1c(C)c2[n]3c1=CC1=[N+]4C(=Cc5c(C)c6c7[n]5[Mg-2]34[N+]3=C(C=2)[C@@H](C)[C@H](CCC(=O)[O-])C3=C7[C-](C(=O)OC)C6=O)C(CC)=C1CO	C=Cc1c(C)c2[n]3c1=CC1=[N+]4C(=Cc5c(C)c6c7[n]5[Mg-2]34[N+]3=C(C=2)[C@@H](C)[C@H](CCC(=O)[O-])C3=C7[C@@H](C(=O)OC)C6=O)C(CC)=C1CO
58760	demethylsulochrin(1−)	77886	demethylsulochrin(2−)	58760	demethylsulochrin(1−)	rules miss the change	COc1cc(O)cc(C(=O)[O-])c1C(=O)c1c([O-])cc(C)cc1O	COc1cc(O)cc(C(=O)[O-])c1C(=O)c1c(O)cc(C)cc1O
58795	1-hydroxy-5-(methylthio)-3-oxopent-1-en-2-olate	49252	1,2-dihydroxy-5-(methylthio)pent-1-en-3-one	58795	1-hydroxy-5-(methylthio)-3-oxopent-1-en-2-olate	rules miss the change	CSCCC(=O)/C(O)=C/O	CSCCC(=O)/C(O)=C/[O-]
58871	3,3'-biflaviolin 2,2'-diolate	77877	3,3'-biflaviolin(3−)	58871	3,3'-biflaviolin 2,2'-diolate	rules miss the change	O=C1C([O-])=C(C2=C([O-])C(=O)c3cc(O)cc(O)c3C2=O)C(=O)c2c(O)cc([O-])cc21	O=C1C([O-])=C(C2=C([O-])C(=O)c3cc(O)cc(O)c3C2=O)C(=O)c2c(O)cc(O)cc21
58872	3,8'-biflaviolin 2,2'-diolate	77840	3,8'-biflaviolin 2,7,2'-triolate	58872	3,8'-biflaviolin 2,2'-diolate	rules miss the change	O=C1C([O-])=C(c2c([O-])cc(O)c3c2C(=O)C([O-])=CC3=O)C(=O)c2c(O)cc(O)cc21	O=C1C([O-])=C(c2c(O)cc(O)c3c2C(=O)C([O-])=CC3=O)C(=O)c2c(O)cc(O)cc21
58911	delphinidin-5-olate 3-<em>O</em>-(6''-<em>O</em>-carboxylatoacetyl)-β-<small>D</small>-glucoside(1−)	77887	delphinidin 3-<em>O</em>-(6''-<em>O</em>-malonyl)-β-<small>D</small>-glucoside(2−)	58911	delphinidin-5-olate 3-<em>O</em>-(6''-<em>O</em>-carboxylatoacetyl)-β-<small>D</small>-glucoside(1−)	rules miss the change	O=C([O-])CC(=O)OC[C@H]1O[C@@H](Oc2cc3c([O-])cc([O-])cc3[o+]c2-c2cc(O)c(O)c(O)c2)[C@H](O)[C@@H](O)[C@@H]1O	O=C([O-])CC(=O)OC[C@H]1O[C@@H](Oc2cc3c(O)cc(O)cc3[o+]c2-c2cc(O)c(O)c(O)c2)[C@H](O)[C@@H](O)[C@@H]1O
59513	monodehydro-<small>L</small>-ascorbate(1−)	59513	monodehydro-<small>L</small>-ascorbate(1−)	16504	monodehydro-<small>L</small>-ascorbic acid	rules pick another ChEBI entity	[O]C1=C([O-])C(=O)O[C@@H]1[C@@H](O)CO	[O]C1=C(O)C(=O)O[C@@H]1[C@@H](O)CO
59651	arseno-mycothiol	59655	arseno-mycothiol(2−)	59653	arseno-mycothiol(1−)	rules pick another ChEBI entity	CC(=O)N[C@@H](CS[As](=O)([O-])[O-])C(=O)N[C@H]1[C@@H](O[C@@H]2[C@H](O)[C@H](O)[C@@H](O)[C@H](O)[C@H]2O)O[C@H](CO)[C@@H](O)[C@@H]1O	CC(=O)N[C@@H](CS[As](=O)([O-])O)C(=O)N[C@H]1[C@@H](O[C@@H]2[C@H](O)[C@H](O)[C@@H](O)[C@H](O)[C@H]2O)O[C@H](CO)[C@@H](O)[C@@H]1O
59653	arseno-mycothiol(1−)	59655	arseno-mycothiol(2−)	59653	arseno-mycothiol(1−)	rules miss the change	CC(=O)N[C@@H](CS[As](=O)([O-])[O-])C(=O)N[C@H]1[C@@H](O[C@@H]2[C@H](O)[C@H](O)[C@@H](O)[C@H](O)[C@H]2O)O[C@H](CO)[C@@H](O)[C@@H]1O	CC(=O)N[C@@H](CS[As](=O)([O-])O)C(=O)N[C@H]1[C@@H](O[C@@H]2[C@H](O)[C@H](O)[C@@H](O)[C@H](O)[C@H]2O)O[C@H](CO)[C@@H](O)[C@@H]1O
59655	arseno-mycothiol(2−)	59655	arseno-mycothiol(2−)	59653	arseno-mycothiol(1−)	rules pick another ChEBI entity	CC(=O)N[C@@H](CS[As](=O)([O-])[O-])C(=O)N[C@H]1[C@@H](O[C@@H]2[C@H](O)[C@H](O)[C@@H](O)[C@H](O)[C@H]2O)O[C@H](CO)[C@@H](O)[C@@H]1O	CC(=O)N[C@@H](CS[As](=O)([O-])O)C(=O)N[C@H]1[C@@H](O[C@@H]2[C@H](O)[C@H](O)[C@@H](O)[C@H](O)[C@H]2O)O[C@H](CO)[C@@H](O)[C@@H]1O
59669	colistimethate A	59666	colistimethate A(5−)	59669	colistimethate A	rules miss the change	CC[C@@H](C)CCCCC(=O)N[C@@H](CCNCS(=O)(=O)[O-])C(=O)N[C@H](C(=O)N[C@@H](CCNCS(=O)(=O)[O-])C(=O)N[C@H]1CCNC(=O)[C@H]([C@@H](C)O)NC(=O)[C@H](CCNCS(=O)(=O)[O-])NC(=O)[C@H](CCNCS(=O)(=O)[O-])NC(=O)[C@H](CC(C)C)NC(=O)[C@@H](CC(C)C)NC(=O)[C@H](CCNCS(=O)(=O)[O-])NC1=O)[C@@H](C)O	CC[C@@H](C)CCCCC(=O)N[C@@H](CC[NH2+]CS(=O)(=O)[O-])C(=O)N[C@H](C(=O)N[C@@H](CC[NH2+]CS(=O)(=O)[O-])C(=O)N[C@H]1CCNC(=O)[C@H]([C@@H](C)O)NC(=O)[C@H](CC[NH2+]CS(=O)(=O)[O-])NC(=O)[C@H](CC[NH2+]CS(=O)(=O)[O-])NC(=O)[C@H](CC(C)C)NC(=O)[C@@H](CC(C)C)NC(=O)[C@H](CC[NH2+]CS(=O)(=O)[O-])NC1=O)[C@@H](C)O
59671	colistimethate B	59667	colistimethate B(5−)	59671	colistimethate B	rules miss the change	CC(C)CCCCC(=O)N[C@@H](CCNCS(=O)(=O)[O-])C(=O)N[C@H](C(=O)N[C@@H](CCNCS(=O)(=O)[O-])C(=O)N[C@H]1CCNC(=O)[C@H]([C@@H](C)O)NC(=O)[C@H](CCNCS(=O)(=O)[O-])NC(=O)[C@H](CCNCS(=O)(=O)[O-])NC(=O)[C@H](CC(C)C)NC(=O)[C@@H](CC(C)C)NC(=O)[C@H](CCNCS(=O)(=O)[O-])NC1=O)[C@@H](C)O	CC(C)CCCCC(=O)N[C@@H](CC[NH2+]CS(=O)(=O)[O-])C(=O)N[C@H](C(=O)N[C@@H](CC[NH2+]CS(=O)(=O)[O-])C(=O)N[C@H]1CCNC(=O)[C@H]([C@@H](C)O)NC(=O)[C@H](CC[NH2+]CS(=O)(=O)[O-])NC(=O)[C@H](CC[NH2+]CS(=O)(=O)[O-])NC(=O)[C@H](CC(C)C)NC(=O)[C@@H](CC(C)C)NC(=O)[C@H](CC[NH2+]CS(=O)(=O)[O-])NC1=O)[C@@H](C)O
59711	hydrogensquarate	59711	hydrogensquarate	52141	squaric acid	rules pick another ChEBI entity	O=c1c([O-])c(O)c1=O	O=c1c(O)c(O)c1=O
59712	squarate	59711	hydrogensquarate	52141	squaric acid	rules pick another ChEBI entity	O=c1c([O-])c(O)c1=O	O=c1c(O)c(O)c1=O
60111	<em>N</em><small><sup>5</small></sup>-[amino(hydroxyimino)methyl]-<small>L</small>-ornithine zwitterion	60107	<em>N</em><small><sup>5</small></sup>-[(hydroxyamino)(imino)methyl]-<small>L</small>-ornithinium(1+)	60111	<em>N</em><small><sup>5</small></sup>-[amino(hydroxyimino)methyl]-<small>L</small>-ornithine zwitterion	rules miss the change	[NH2+]=C(NO)NCCC[C@H]([NH3+])C(=O)[O-]	NC(=NO)NCCC[C@H]([NH3+])C(=O)[O-]
60302	<small>L</small>-thyroxine(1−)	58448	<small>L</small>-thyroxine zwitterion	60302	<small>L</small>-thyroxine(1−)	rules miss the change	[NH3+][C@@H](Cc1cc(I)c(Oc2cc(I)c(O)c(I)c2)c(I)c1)C(=O)[O-]	[NH3+][C@@H](Cc1cc(I)c(Oc2cc(I)c([O-])c(I)c2)c(I)c1)C(=O)[O-]
60454	Fe-coproporphyrin III	68438	Fe-coproporphyrin III(4−)	60454	Fe-coproporphyrin III	rules miss the change	CC1=C(CCC(=O)[O-])C2=[N+]3C1=Cc1c(CCC(=O)[O-])c(C)c4[n]1[Fe-2]31[n]3c(c(C)c(CCC(=O)[O-])c3=CC3=[N+]1C(=C4)C(C)=C3CCC(=O)[O-])=C2	CC1=C(CCC(=O)O)C2=[N+]3C1=Cc1c(CCC(=O)O)c(C)c4[n]1[Fe-2]31[n]3c(c(C)c(CCC(=O)O)c3=CC3=[N+]1C(=C4)C(C)=C3CCC(=O)O)=C2
60562	ferroheme c	61717	ferroheme <em>c</em>(2−)	60562	ferroheme c	rules miss the change	CC1=C(CCC(=O)[O-])C2=[N+]3C1=Cc1c(C)c(C(C)S)c4[n]1[Fe-2]31[n]3c(c(C)c(CCC(=O)[O-])c3=C2)=CC2=[N+]1C(=C4)C(C)=C2C(C)S	CC1=C(CCC(=O)O)C2=[N+]3C1=Cc1c(C)c(C(C)S)c4[n]1[Fe-2]31[n]3c(c(C)c(CCC(=O)O)c3=C2)=CC2=[N+]1C(=C4)C(C)=C2C(C)S
60792	methohexital(1−)	102216	methohexital	60792	methohexital(1−)	rules miss the change	C=CCC1(C(C)C#CCC)C(=O)NC(=O)N(C)C1=O	C=CCC1(C(C)C#CCC)C(=O)N=C(O)N(C)C1=O
61147	ferroheme <em>d<small><sub>1</sub></small></em>	60549	ferroheme <em>d<small><sub>1</sub></small></em>(4−)	61147	ferroheme <em>d<small><sub>1</sub></small></em>	rules miss the change	Cc1c(CCC(=O)[O-])c2[n]3c1C=C1C(=O)[C@](C)(CC(=O)[O-])C4=[N+]1[Fe-2]31[n]3c(c(C)c(/C=C/C(=O)[O-])c3=C2)=CC2=[N+]1C(=C4)C(=O)[C@]2(C)CC(=O)[O-]	Cc1c(CCC(=O)O)c2[n]3c1C=C1C(=O)[C@](C)(CC(=O)O)C4=[N+]1[Fe-2]31[n]3c(c(C)c(/C=C/C(=O)O)c3=C2)=CC2=[N+]1C(=C4)C(=O)[C@]2(C)CC(=O)O
61278	scutellarin	61284	scutellarin(1−)	61278	scutellarin	rules miss the change	O=C([O-])[C@H]1O[C@@H](Oc2cc3oc(-c4ccc(O)cc4)cc(=O)c3c(O)c2O)[C@H](O)[C@@H](O)[C@@H]1O	O=C([O-])[C@H]1O[C@@H](Oc2cc3oc(-c4ccc(O)cc4)cc(=O)c3c([O-])c2O)[C@H](O)[C@@H](O)[C@@H]1O
61281	5-nitrosalicylic acid	61268	5-nitrosalicylate	61281	5-nitrosalicylic acid	rules miss the change	O=C([O-])c1cc([N+](=O)[O-])ccc1O	O=C([O-])c1cc([N+](=O)[O-])ccc1[O-]
61282	wogonin 7-<em>O</em>-β-<small>D</small>-glucuronide	61285	wogonin 7-<em>O</em>-β-<small>D</small>-glucuronate	61282	wogonin 7-<em>O</em>-β-<small>D</small>-glucuronide	rules miss the change	COc1c(O[C@@H]2O[C@H](C(=O)[O-])[C@@H](O)[C@H](O)[C@H]2O)cc(O)c2c(=O)cc(-c3ccccc3)oc12	COc1c(O[C@@H]2O[C@H](C(=O)[O-])[C@@H](O)[C@H](O)[C@H]2O)cc([O-])c2c(=O)cc(-c3ccccc3)oc12
61318	cyanidin 3-<em>O</em>-β-<small>D</small>-glucoside betaine	77857	cyanidin 3-<em>O</em>-β-<small>D</small>-glucoside(1−)	61318	cyanidin 3-<em>O</em>-β-<small>D</small>-glucoside betaine	rules miss the change	[O-]c1cc([O-])c2cc(O[C@@H]3O[C@H](CO)[C@@H](O)[C@H](O)[C@H]3O)c(-c3ccc(O)c(O)c3)[o+]c2c1	[O-]c1cc(O)cc2[o+]c(-c3ccc(O)c(O)c3)c(O[C@@H]3O[C@H](CO)[C@@H](O)[C@H](O)[C@H]3O)cc12
61645	<small>L</small>-seryl-AMP	61231	<small>L</small>-seryl-AMP(1−)	61645	<small>L</small>-seryl-AMP	rules miss the change	Nc1ncnc2c1ncn2[C@@H]1O[C@H](COP(=O)([O-])OC(=O)[C@@H](N)CO)[C@@H](O)[C@H]1O	Nc1ncnc2c1ncn2[C@@H]1O[C@H](COP(=O)([O-])OC(=O)[C@@H]([NH3+])CO)[C@@H](O)[C@H]1O
61670	oroxylin A 7-<em>O</em>-β-<small>D</small>-glucuronide	61674	oroxylin A 7-<em>O</em>-β-<small>D</small>-glucuronate	61670	oroxylin A 7-<em>O</em>-β-<small>D</small>-glucuronide	rules miss the change	COc1c(O[C@@H]2O[C@H](C(=O)[O-])[C@@H](O)[C@H](O)[C@H]2O)cc2oc(-c3ccccc3)cc(=O)c2c1O	COc1c(O[C@@H]2O[C@H](C(=O)[O-])[C@@H](O)[C@H](O)[C@H]2O)cc2oc(-c3ccccc3)cc(=O)c2c1[O-]
61914	<em>N</em><small><sup>ω</small></sup>,<em>N</em>'<small><sup>ω</small></sup>-dimethyl-<small>L</small>-arginine zwitterion	197308	<em>N</em><small><sup>ω</small></sup>,<em>N</em><small><sup>'ω</small></sup>-dimethyl-<small>L</small>-argininium(1+)	61914	<em>N</em><small><sup>ω</small></sup>,<em>N</em>'<small><sup>ω</small></sup>-dimethyl-<small>L</small>-arginine zwitterion	rules miss the change	CN/C(NCCC[C@H]([NH3+])C(=O)[O-])=[NH+]\C	CN/C(NCCC[C@H]([NH3+])C(=O)[O-])=[NH+]/C
62806	iron methylchlorin	62807	iron methylchlorin(2−)	62806	iron methylchlorin	rules miss the change	CC1=C(CCC(=O)[O-])C2=Cc3c(CCC(=O)[O-])c(C)c4[n]3[Fe-2]35[n]6c(c(C)c(C)c6=CC6=[N+]3C(=C4)C(C)(C)C6C)=CC1=[N+]25	CC1=C(CCC(=O)O)C2=Cc3c(CCC(=O)O)c(C)c4[n]3[Fe-2]35[n]6c(c(C)c(C)c6=CC6=[N+]3C(=C4)C(C)(C)C6C)=CC1=[N+]25
62811	heme <em>d</em> <i>cis</i>-diol	62814	heme <em>d</em> <i>cis</i>-diol(2−)	62811	heme <em>d</em> <i>cis</i>-diol	rules miss the change	C=CC1=C(C)C2=[N+]3C1=Cc1c(C)c(C=C)c4[n]1[Fe-2]31[n]3c(c(C)c(CCC(=O)[O-])c3=CC3=[N+]1C(=C4)[C@](C)(O)[C@@]3(O)CCC(=O)[O-])=C2	C=CC1=C(C)C2=[N+]3C1=Cc1c(C)c(C=C)c4[n]1[Fe-2]31[n]3c(c(C)c(CCC(=O)O)c3=CC3=[N+]1C(=C4)[C@](C)(O)[C@@]3(O)CCC(=O)O)=C2
62812	heme <em>d</em> <i>trans</i>-diol	62813	heme <em>d</em> <i>trans</i>-diol(2−)	62812	heme <em>d</em> <i>trans</i>-diol	rules miss the change	C=CC1=C(C)C2=[N+]3C1=Cc1c(C)c(C=C)c4[n]1[Fe-2]31[n]3c(c(C)c(CCC(=O)[O-])c3=CC3=[N+]1C(=C4)[C@@](C)(O)[C@@]3(O)CCC(=O)[O-])=C2	C=CC1=C(C)C2=[N+]3C1=Cc1c(C)c(C=C)c4[n]1[Fe-2]31[n]3c(c(C)c(CCC(=O)O)c3=CC3=[N+]1C(=C4)[C@@](C)(O)[C@@]3(O)CCC(=O)O)=C2
62923	1,5-bis(diphospho)-1<small>D</small>-<i>myo</i>-inositol 2,3,4,6-tetrakisphosphate	77983	1,5-bis(diphospho)-1<small>D</small>-<i>myo</i>-inositol 2,3,4,6-tetrakisphosphate(13−)	74945	1,5-bis(diphospho)-1<small>D</small>-<i>myo</i>-inositol 2,3,4,6-tetrakisphosphate(14−)	rules pick another ChEBI entity	O=P([O-])([O-])O[C@@H]1[C@@H](OP(=O)([O-])[O-])[C@H](OP(=O)([O-])OP(=O)([O-])[O-])[C@@H](OP(=O)([O-])[O-])[C@H](OP(=O)([O-])OP(=O)([O-])O)[C@@H]1OP(=O)([O-])[O-]	O=P([O-])([O-])O[C@@H]1[C@@H](OP(=O)([O-])[O-])[C@H](OP(=O)([O-])OP(=O)([O-])[O-])[C@@H](OP(=O)([O-])[O-])[C@H](OP(=O)([O-])OP(=O)([O-])[O-])[C@@H]1OP(=O)([O-])[O-]
62924	3,5-bis(diphospho)-1<small>D</small>-<i>myo</i>-inositol 1,2,4,6-tetrakisphosphate	140372	3,5-bis(diphospho)-1<small>D</small>-<i>myo</i>-inositol 1,2,4,6-tetrakisphosphate(13−)	62924	3,5-bis(diphospho)-1<small>D</small>-<i>myo</i>-inositol 1,2,4,6-tetrakisphosphate	rules miss the change	O=P([O-])([O-])O[C@H]1[C@H](OP(=O)([O-])[O-])[C@@H](OP(=O)([O-])OP(=O)([O-])[O-])[C@H](OP(=O)([O-])[O-])[C@@H](OP(=O)([O-])OP(=O)([O-])O)[C@H]1OP(=O)([O-])[O-]	O=P([O-])([O-])O[C@@H]1[C@H](OP(=O)([O-])[O-])[C@H](OP(=O)([O-])OP(=O)([O-])[O-])[C@@H](OP(=O)([O-])[O-])[C@H](OP(=O)([O-])OP(=O)([O-])[O-])[C@H]1OP(=O)([O-])[O-]
63598	levofloxacin	231553	levofloxacin(1−)	63598	levofloxacin	rules miss the change	C[C@H]1COc2c(N3CCN(C)CC3)c(F)cc3c(=O)c(C(=O)[O-])cn1c23	C[C@H]1COc2c(N3CC[NH+](C)CC3)c(F)cc3c(=O)c(C(=O)[O-])cn1c23
64329	agmatidine	64327	agmatidine(2+)	64329	agmatidine	rules miss the change	N=c1ccn([C@@H]2O[C@H](CO)[C@@H](O)[C@H]2O)c(NCCCCNC(N)=[NH2+])[nH+]1	N=c1ccn([C@@H]2O[C@H](CO)[C@@H](O)[C@H]2O)c(NCCCCNC(N)=[NH2+])n1
64473	orlandin	145992	orlandin(1−)	64473	orlandin	rules miss the change	COc1cc(=O)oc2c(-c3c(O)cc(C)c4c(OC)cc(=O)oc34)c([O-])cc(C)c12	COc1cc(=O)oc2c(-c3c(O)cc(C)c4c(OC)cc(=O)oc34)c(O)cc(C)c12
64598	1-(3,5-dichloro-2,6-dihydroxy-4-methoxyphenyl)hexan-1-one	90397	1-(3,5-dichloro-2,6-dihydroxy-4-methoxyphenyl)hexan-1-one(1−)	64598	1-(3,5-dichloro-2,6-dihydroxy-4-methoxyphenyl)hexan-1-one	rules miss the change	CCCCCC(=O)c1c([O-])c(Cl)c(OC)c(Cl)c1O	CCCCCC(=O)c1c(O)c(Cl)c(OC)c(Cl)c1O
64773	<small>L</small>-2-amino-Δ<small><sup>2</small></sup>-thiazoline-4-carboxylic acid	64780	<small>L</small>-2-amino-Δ<small><sup>2</small></sup>-thiazoline-4-carboxylic acid zwitterion	64773	<small>L</small>-2-amino-Δ<small><sup>2</small></sup>-thiazoline-4-carboxylic acid	rules miss the change	NC1=[NH+][C@H](C(=O)[O-])CS1	[NH2+]=C1N[C@H](C(=O)[O-])CS1
64774	<small>D</small>-2-amino-Δ<small><sup>2</small></sup>-thiazoline-4-carboxylic acid	64778	<small>D</small>-2-amino-Δ<small><sup>2</small></sup>-thiazoline-4-carboxylic acid zwitterion	64774	<small>D</small>-2-amino-Δ<small><sup>2</small></sup>-thiazoline-4-carboxylic acid	rules miss the change	NC1=[NH+][C@@H](C(=O)[O-])CS1	[NH2+]=C1N[C@@H](C(=O)[O-])CS1
64777	2-amino-Δ<small><sup>2</small></sup>-thiazoline-4-carboxylic acid	64779	2-amino-Δ<small><sup>2</small></sup>-thiazoline-4-carboxylic acid zwitterion	64777	2-amino-Δ<small><sup>2</small></sup>-thiazoline-4-carboxylic acid	rules miss the change	NC1=[NH+]C(C(=O)[O-])CS1	[NH2+]=C1NC(C(=O)[O-])CS1
64851	<small>L</small>-threonyl-AMP	64847	<small>L</small>-threonyl-AMP(1−)	64851	<small>L</small>-threonyl-AMP	rules miss the change	C[C@@H](O)[C@H](N)C(=O)OP(=O)([O-])OC[C@H]1O[C@@H](n2cnc3c(N)ncnc32)[C@H](O)[C@@H]1O	C[C@@H](O)[C@H]([NH3+])C(=O)OP(=O)([O-])OC[C@H]1O[C@@H](n2cnc3c(N)ncnc32)[C@H](O)[C@@H]1O
64998	nicotine blue(2−)	64998	nicotine blue(2−)	65011	nicotine blue	rules pick another ChEBI entity	O=C1N=C([O-])/C(=C2\C=C(O)C(=O)N=C2[O-])C=C1O	O=C1N=C(O)/C(=C2\C=C(O)C(=O)N=C2O)C=C1O
65011	nicotine blue	64998	nicotine blue(2−)	65011	nicotine blue	rules miss the change	O=C1N=C([O-])/C(=C2\C=C(O)C(=O)N=C2[O-])C=C1O	O=C1N=C(O)/C(=C2\C=C(O)C(=O)N=C2O)C=C1O
67205	(2<i>S</i>,4<i>S</i>)-4-hydroxy-2,3,4,5-tetrahydrodipicolinic acid	67139	(2<i>S</i>,4<i>S</i>)-4-hydroxy-2,3,4,5-tetrahydrodipicolinate(2−)	67205	(2<i>S</i>,4<i>S</i>)-4-hydroxy-2,3,4,5-tetrahydrodipicolinic acid	rules miss the change	O=C([O-])C1=N[C@H](C(=O)[O-])C[C@H](O)C1	O=C([O-])C1=[NH+][C@H](C(=O)[O-])C[C@H](O)C1
67577	Nbeta-acetylstreptothricin D	141396	<em>N</em><small><sup>β</small></sup>-acetylstreptothricin D(4+)	67577	Nbeta-acetylstreptothricin D	rules miss the change	CC(=O)N[C@@H](CCCNC(=O)C[C@@H]([NH3+])CCCNC(=O)C[C@@H]([NH3+])CCC[NH3+])CC(=O)N[C@@H]1[C@H](O)[C@@H](OC(N)=O)[C@@H](CO)O[C@H]1/[NH+]=C1/N[C@@H]2[C@H](O)CNC(=O)[C@H]2N1	CC(=O)N[C@@H](CCCNC(=O)C[C@@H]([NH3+])CCCNC(=O)C[C@@H]([NH3+])CCC[NH3+])CC(=O)N[C@@H]1[C@H](O)[C@@H](OC(N)=O)[C@@H](CO)O[C@H]1NC1=[NH+][C@@H]2C(=O)NC[C@@H](O)[C@H]2N1
70755	methyltelluronic acid	71624	methanetelluronate(1−)	70755	methyltelluronic acid	rules miss the change	C[Te](=O)(=O)[O-]	C[Te](=O)(=O)O
70820	cob(II)yrinic acid <em>c</em> monoamide	70793	cob(II)yrinate <em>c</em> monoamide(5−)	70820	cob(II)yrinic acid <em>c</em> monoamide	rules miss the change	CC1=C2[N]3[C@H]([C@H](CC(=O)[O-])[C@@]2(C)CCC(=O)[O-])[C@]2(C)[N+]4=C(C(C)=C5[N+]6=C(C=C7[N+](=C1[C@@H](CCC(=O)[O-])C7(C)C)[Co-2]364)[C@@H](CCC(=O)[O-])[C@]5(C)CC(N)=O)[C@@H](CCC(=O)[O-])[C@]2(C)CC(=O)[O-]	CC1=C2[N]3[C@H]([C@H](CC(=O)O)[C@@]2(C)CCC(=O)O)[C@]2(C)[N+]4=C(C(C)=C5[N+]6=C(C=C7[N+](=C1[C@@H](CCC(=O)O)C7(C)C)[Co-2]364)[C@@H](CCC(=O)O)[C@]5(C)CC(N)=O)[C@@H](CCC(=O)O)[C@]2(C)CC(=O)O
71337	minocycline(1−)	77906	minocycline zwitterion	71337	minocycline(1−)	rules miss the change	CN(C)c1ccc(O)c2c1C[C@H]1C[C@H]3[C@H]([NH+](C)C)C([O-])=C(C(N)=O)C(=O)[C@@]3(O)C(O)=C1C2=O	CN(C)c1ccc(O)c2c1C[C@H]1C[C@H]3[C@H]([NH+](C)C)C([O-])=C(C(N)=O)C(=O)[C@@]3(O)C([O-])=C1C2=O
71339	novobiocin(1−)	71339	novobiocin(1−)	28368	novobiocin	rules pick another ChEBI entity	CO[C@@H]1[C@@H](OC(N)=O)[C@@H](O)[C@H](Oc2ccc3c([O-])c(NC(=O)c4ccc(O)c(CC=C(C)C)c4)c(=O)oc3c2C)OC1(C)C	CO[C@@H]1[C@@H](OC(N)=O)[C@@H](O)[C@H](Oc2ccc3c(O)c(NC(=O)c4ccc(O)c(CC=C(C)C)c4)c(=O)oc3c2C)OC1(C)C
71345	norsolorinate anthrone(2−)	77904	norsolorinic acid anthrone(1−)	71354	norsolorinic acid anthrone	rules pick another ChEBI entity	CCCCCC(=O)c1c(O)cc2c(c1O)C(=O)c1c(O)cc([O-])cc1C2	CCCCCC(=O)c1c(O)cc2c(c1O)C(=O)c1c(O)cc(O)cc1C2
71346	norsolorinate(2−)	71533	norsolorinate(1−)	71356	norsolorinic acid	rules pick another ChEBI entity	CCCCCC(=O)c1c(O)cc2c(c1O)C(=O)c1c(O)cc([O-])cc1C2=O	CCCCCC(=O)c1c(O)cc2c(c1O)C(=O)c1c(O)cc(O)cc1C2=O
71354	norsolorinic acid anthrone	77904	norsolorinic acid anthrone(1−)	71354	norsolorinic acid anthrone	rules miss the change	CCCCCC(=O)c1c(O)cc2c(c1O)C(=O)c1c(O)cc([O-])cc1C2	CCCCCC(=O)c1c(O)cc2c(c1O)C(=O)c1c(O)cc(O)cc1C2
71356	norsolorinic acid	71533	norsolorinate(1−)	71356	norsolorinic acid	rules miss the change	CCCCCC(=O)c1c(O)cc2c(c1O)C(=O)c1c(O)cc([O-])cc1C2=O	CCCCCC(=O)c1c(O)cc2c(c1O)C(=O)c1c(O)cc(O)cc1C2=O
71392	tetracycline(1−)	77932	tetracycline zwitterion	71392	tetracycline(1−)	rules miss the change	C[NH+](C)[C@@H]1C([O-])=C(C(N)=O)C(=O)[C@@]2(O)C(O)=C3C(=O)c4c(O)cccc4[C@@](C)(O)[C@H]3C[C@@H]12	C[NH+](C)[C@@H]1C([O-])=C(C(N)=O)C(=O)[C@@]2(O)C([O-])=C3C(=O)c4c(O)cccc4[C@@](C)(O)[C@H]3C[C@@H]12
71499	cyanidin 3-<em>O</em>-{6-<em>O</em>-[6-<em>O</em>-(4-coumaroyl)-β-<small>D</small>-glucosyl]-2-<em>O</em>-β-<small>D</small>-xylosyl-β-<small>D</small>-galactoside}	77931	cyanidin 3-<em>O</em>-{6-<em>O</em>-[6-<em>O</em>-(4-coumaroyl)-β-<small>D</small>-glucosyl]-2-<em>O</em>-β-<small>D</small>-xylosyl-β-<small>D</small>-galactoside}(1−)	71499	cyanidin 3-<em>O</em>-{6-<em>O</em>-[6-<em>O</em>-(4-coumaroyl)-β-<small>D</small>-glucosyl]-2-<em>O</em>-β-<small>D</small>-xylosyl-β-<small>D</small>-galactoside}	rules miss the change	O=C(/C=C/c1ccc(O)cc1)OC[C@H]1O[C@@H](OC[C@H]2O[C@@H](Oc3cc4c([O-])cc([O-])cc4[o+]c3-c3ccc(O)c(O)c3)[C@H](O[C@@H]3OC[C@@H](O)[C@H](O)[C@H]3O)[C@@H](O)[C@H]2O)[C@H](O)[C@@H](O)[C@@H]1O	O=C(/C=C/c1ccc(O)cc1)OC[C@H]1O[C@@H](OC[C@H]2O[C@@H](Oc3cc4c(O)cc(O)cc4[o+]c3-c3ccc(O)c(O)c3)[C@H](O[C@@H]3OC[C@@H](O)[C@H](O)[C@H]3O)[C@@H](O)[C@H]2O)[C@H](O)[C@@H](O)[C@@H]1O
71533	norsolorinate(1−)	71533	norsolorinate(1−)	71356	norsolorinic acid	rules pick another ChEBI entity	CCCCCC(=O)c1c(O)cc2c(c1O)C(=O)c1c(O)cc([O-])cc1C2=O	CCCCCC(=O)c1c(O)cc2c(c1O)C(=O)c1c(O)cc(O)cc1C2=O
71534	(<i>S</i>)-averantin	77899	(<i>S</i>)-averantin(1−)	71534	(<i>S</i>)-averantin	rules miss the change	CCCCC[C@H](O)c1c(O)cc2c(c1O)C(=O)c1c(O)cc([O-])cc1C2=O	CCCCC[C@H](O)c1c(O)cc2c(c1O)C(=O)c1c(O)cc(O)cc1C2=O
71535	(1'<i>S</i>,5'<i>S</i>)-5'-hydroxyaverantin	77900	(1'<i>S</i>,5'<i>S</i>)-5'-hydroxyaverantin(1−)	71535	(1'<i>S</i>,5'<i>S</i>)-5'-hydroxyaverantin	rules miss the change	C[C@H](O)CCC[C@H](O)c1c(O)cc2c(c1O)C(=O)c1c(O)cc([O-])cc1C2=O	C[C@H](O)CCC[C@H](O)c1c(O)cc2c(c1O)C(=O)c1c(O)cc(O)cc1C2=O
71566	precorrin-7	71490	precorrin-7(6−)	71566	precorrin-7	rules miss the change	CC1=C(CCC(=O)[O-])C2=N[C@@]1(C)CC1=C(CCC(=O)[O-])[C@](C)(CC(=O)[O-])C(=[NH+]1)/C=C1\N[C@@](C)([C@@H]3N=C(C2C)[C@](C)(CCC(=O)[O-])[C@H]3CC(=O)[O-])[C@@](C)(CC(=O)[O-])[C@@H]1CCC(=O)[O-]	CC1=C(CCC(=O)[O-])C2=N[C@@]1(C)CC1=C(CCC(=O)[O-])[C@](C)(CC(=O)[O-])C(=N1)/C=C1\N[C@@](C)([C@@H]3N=C(C2C)[C@](C)(CCC(=O)[O-])[C@H]3CC(=O)[O-])[C@@](C)(CC(=O)[O-])[C@@H]1CCC(=O)[O-]
71584	cyanidin 3,7-di-<em>O</em>-β-<small>D</small>-glucoside	71513	cyanidin 3,7-di-<em>O</em>-β-<small>D</small>-glucoside betaine	71584	cyanidin 3,7-di-<em>O</em>-β-<small>D</small>-glucoside	rules miss the change	[O-]c1cc(O[C@@H]2O[C@H](CO)[C@@H](O)[C@H](O)[C@H]2O)cc2[o+]c(-c3ccc(O)c(O)c3)c(O[C@@H]3O[C@H](CO)[C@@H](O)[C@H](O)[C@H]3O)cc12	OC[C@H]1O[C@@H](Oc2cc(O)c3cc(O[C@@H]4O[C@H](CO)[C@@H](O)[C@H](O)[C@H]4O)c(-c4ccc(O)c(O)c4)[o+]c3c2)[C@H](O)[C@@H](O)[C@@H]1O
71599	pulcherriminic acid	77663	pulcherriminate(2−)	71599	pulcherriminic acid	rules miss the change	CC(C)Cc1c([O-])[n+]([O-])c(CC(C)C)c([O-])[n+]1[O-]	CC(C)Cc1c(O)[n+]([O-])c(CC(C)C)c(O)[n+]1[O-]
71624	methanetelluronate(1−)	71624	methanetelluronate(1−)	70755	methyltelluronic acid	rules pick another ChEBI entity	C[Te](=O)(=O)[O-]	C[Te](=O)(=O)O
71634	hydroxyversicolorone	77907	hydroxyversicolorone(1−)	71634	hydroxyversicolorone	rules miss the change	CC(=O)CC[C@H]1c2c(cc3c(c2O)C(=O)c2c(O)cc([O-])cc2C3=O)O[C@@H]1O	CC(=O)CC[C@H]1c2c(cc3c(c2O)C(=O)c2c(O)cc(O)cc2C3=O)O[C@@H]1O
71635	versicolorone(1−)	71635	versicolorone(1−)	71653	versicolorone tricyclic form	rules pick another ChEBI entity	CC(=O)CCC(CO)c1c([O-])cc2c(c1O)C(=O)c1c(O)cc(O)cc1C2=O	CC(=O)CCC(CO)c1c(O)cc2c(c1O)C(=O)c1c(O)cc(O)cc1C2=O
71636	versiconol acetate(1−)	71636	versiconol acetate(1−)	71657	versiconol acetate	rules pick another ChEBI entity	CC(=O)OCCC(CO)c1c([O-])cc2c(c1O)C(=O)c1c(O)cc(O)cc1C2=O	CC(=O)OCCC(CO)c1c(O)cc2c(c1O)C(=O)c1c(O)cc(O)cc1C2=O
71649	(<i>S</i>)-5'-oxoaverantin	77933	(<i>S</i>)-5'-oxoaverantin(1−)	71649	(<i>S</i>)-5'-oxoaverantin	rules miss the change	CC(=O)CCC[C@H](O)c1c(O)cc2c(c1O)C(=O)c1c(O)cc([O-])cc1C2=O	CC(=O)CCC[C@H](O)c1c(O)cc2c(c1O)C(=O)c1c(O)cc(O)cc1C2=O
71653	versicolorone tricyclic form	71635	versicolorone(1−)	71653	versicolorone tricyclic form	rules miss the change	CC(=O)CCC(CO)c1c([O-])cc2c(c1O)C(=O)c1c(O)cc(O)cc1C2=O	CC(=O)CCC(CO)c1c(O)cc2c(c1O)C(=O)c1c(O)cc(O)cc1C2=O
71657	versiconol acetate	71636	versiconol acetate(1−)	71657	versiconol acetate	rules miss the change	CC(=O)OCCC(CO)c1c([O-])cc2c(c1O)C(=O)c1c(O)cc(O)cc1C2=O	CC(=O)OCCC(CO)c1c(O)cc2c(c1O)C(=O)c1c(O)cc(O)cc1C2=O
72652	7,2'-dihydroxy-4'-methoxyisoflavan-4-ylium cation	72652	7,2'-dihydroxy-4'-methoxyisoflavan-4-ylium cation	80392	(−)-vestitol	rules pick another ChEBI entity	COc1ccc([C@H]2[CH+]c3ccc(O)cc3OC2)c(O)c1	COc1ccc([C@@H]2COc3cc(O)ccc3C2)c(O)c1
72670	(2<i>S</i>)-versicolorone(2−)	73281	(2<i>S</i>)-versicolorone(1−)	72707	(2<i>S</i>)-versicolorone	rules pick another ChEBI entity	CC(=O)CC[C@H](CO)c1c([O-])cc2c(c1O)C(=O)c1c(O)cc(O)cc1C2=O	CC(=O)CC[C@H](CO)c1c(O)cc2c(c1O)C(=O)c1c(O)cc(O)cc1C2=O
72671	(2<i>S</i>,3<i>S</i>)-versiconal hemiacetal acetate	77975	(2<i>S</i>,3<i>S</i>)-versiconal hemiacetal acetate(1−)	72671	(2<i>S</i>,3<i>S</i>)-versiconal hemiacetal acetate	rules miss the change	CC(=O)OCC[C@H]1c2c(cc3c(c2O)C(=O)c2c(O)cc([O-])cc2C3=O)O[C@@H]1O	CC(=O)OCC[C@H]1c2c(cc3c(c2O)C(=O)c2c(O)cc(O)cc2C3=O)O[C@@H]1O
72672	(2<i>S</i>-3<i>S</i>)-versiconal hemiacetal	77950	(2<i>S</i>-3<i>S</i>)-versiconal hemiacetal(1−)	72672	(2<i>S</i>-3<i>S</i>)-versiconal hemiacetal	rules miss the change	O=C1c2cc([O-])cc(O)c2C(=O)c2c1cc1c(c2O)[C@H](CCO)[C@@H](O)O1	O=C1c2cc(O)cc(O)c2C(=O)c2c1cc1c(c2O)[C@H](CCO)[C@@H](O)O1
72673	(3<i>S</i>)-versiconol acetate(1−)	72673	(3<i>S</i>)-versiconol acetate(1−)	72681	(3<i>S</i>)-versiconol acetate	rules pick another ChEBI entity	CC(=O)OCC[C@H](CO)c1c([O-])cc2c(c1O)C(=O)c1c(O)cc(O)cc1C2=O	CC(=O)OCC[C@H](CO)c1c(O)cc2c(c1O)C(=O)c1c(O)cc(O)cc1C2=O
72674	versicolorin B	77951	versicolorin B(1−)	72674	versicolorin B	rules miss the change	O=C1c2cc([O-])cc(O)c2C(=O)c2c1cc1c(c2O)[C@@H]2CCO[C@@H]2O1	O=C1c2cc(O)cc(O)c2C(=O)c2c1cc1c(c2O)[C@@H]2CCO[C@@H]2O1
72676	versicolorin A	77976	versicolorin A(1−)	72676	versicolorin A	rules miss the change	O=C1c2cc([O-])cc(O)c2C(=O)c2c1cc1c(c2O)[C@@H]2C=CO[C@@H]2O1	O=C1c2cc(O)cc(O)c2C(=O)c2c1cc1c(c2O)[C@@H]2C=CO[C@@H]2O1
72681	(3<i>S</i>)-versiconol acetate	72673	(3<i>S</i>)-versiconol acetate(1−)	72681	(3<i>S</i>)-versiconol acetate	rules miss the change	CC(=O)OCC[C@H](CO)c1c([O-])cc2c(c1O)C(=O)c1c(O)cc(O)cc1C2=O	CC(=O)OCC[C@H](CO)c1c(O)cc2c(c1O)C(=O)c1c(O)cc(O)cc1C2=O
72696	cyanidin 3-<em>O</em>-[6-<em>O</em>-(4-<em>O</em>-β-<small>D</small>-glucosyl-<em>p</em>-coumaroyl)-2-<em>O</em>-(2-<em>O</em>-sinapoyl-β-<small>D</small>-xylosyl)-β-<small>D</small>-glucosyl]-5-<em>O</em>-(6-<em>O</em>-malonyl-β-<small>D</small>-glucoside)	72649	cyanidin 3-<em>O</em>-[6-<em>O</em>-(4-<em>O</em>-β-<small>D</small>-glucosyl-<em>p</em>-coumaroyl)-2-<em>O</em>-(2-<em>O</em>-sinapoyl-β-<small>D</small>-xylosyl)-β-<small>D</small>-glucosyl]-5-<em>O</em>-(6-<em>O</em>-malonyl-β-<small>D</small>-glucoside)(1−)	72696	cyanidin 3-<em>O</em>-[6-<em>O</em>-(4-<em>O</em>-β-<small>D</small>-glucosyl-<em>p</em>-coumaroyl)-2-<em>O</em>-(2-<em>O</em>-sinapoyl-β-<small>D</small>-xylosyl)-β-<small>D</small>-glucosyl]-5-<em>O</em>-(6-<em>O</em>-malonyl-β-<small>D</small>-glucoside)	rules miss the change	COc1cc(/C=C/C(=O)O[C@H]2[C@H](O[C@H]3[C@H](Oc4cc5c(O[C@@H]6O[C@H](COC(=O)CC(=O)[O-])[C@@H](O)[C@H](O)[C@H]6O)cc([O-])cc5[o+]c4-c4ccc(O)c(O)c4)O[C@H](COC(=O)/C=C/c4ccc(O[C@@H]5O[C@H](CO)[C@@H](O)[C@H](O)[C@H]5O)cc4)[C@@H](O)[C@@H]3O)OC[C@@H](O)[C@@H]2O)cc(OC)c1O	COc1cc(/C=C/C(=O)O[C@H]2[C@H](O[C@H]3[C@H](Oc4cc5c(O[C@@H]6O[C@H](COC(=O)CC(=O)[O-])[C@@H](O)[C@H](O)[C@H]6O)cc(O)cc5[o+]c4-c4ccc(O)c(O)c4)O[C@H](COC(=O)/C=C/c4ccc(O[C@@H]5O[C@H](CO)[C@@H](O)[C@H](O)[C@H]5O)cc4)[C@@H](O)[C@@H]3O)OC[C@@H](O)[C@@H]2O)cc(OC)c1O
72705	cyanidin 3-<em>O</em>-[6-<em>O</em>-(4-<em>O</em>-β-<small>D</small>-glucosyl-<em>p</em>-coumaroyl)-2-<em>O</em>-(β-<small>D</small>-xylosyl)-β-<small>D</small>-glucosyl]-5-<em>O</em>-(6-<em>O</em>-malonyl-β-<small>D</small>-glucoside)	72650	cyanidin 3-<em>O</em>-[6-<em>O</em>-(4-<em>O</em>-β-<small>D</small>-glucosyl-<em>p</em>-coumaroyl)-2-<em>O</em>-(β-<small>D</small>-xylosyl)-β-<small>D</small>-glucosyl]-5-<em>O</em>-(6-<em>O</em>-malonyl-β-<small>D</small>-glucoside)(1−)	72705	cyanidin 3-<em>O</em>-[6-<em>O</em>-(4-<em>O</em>-β-<small>D</small>-glucosyl-<em>p</em>-coumaroyl)-2-<em>O</em>-(β-<small>D</small>-xylosyl)-β-<small>D</small>-glucosyl]-5-<em>O</em>-(6-<em>O</em>-malonyl-β-<small>D</small>-glucoside)	rules miss the change	O=C([O-])CC(=O)OC[C@H]1O[C@@H](Oc2cc([O-])cc3[o+]c(-c4ccc(O)c(O)c4)c(O[C@@H]4O[C@H](COC(=O)/C=C/c5ccc(O[C@@H]6O[C@H](CO)[C@@H](O)[C@H](O)[C@H]6O)cc5)[C@@H](O)[C@H](O)[C@H]4O[C@@H]4OC[C@@H](O)[C@H](O)[C@H]4O)cc23)[C@H](O)[C@@H](O)[C@@H]1O	O=C([O-])CC(=O)OC[C@H]1O[C@@H](Oc2cc(O)cc3[o+]c(-c4ccc(O)c(O)c4)c(O[C@@H]4O[C@H](COC(=O)/C=C/c5ccc(O[C@@H]6O[C@H](CO)[C@@H](O)[C@H](O)[C@H]6O)cc5)[C@@H](O)[C@H](O)[C@H]4O[C@@H]4OC[C@@H](O)[C@H](O)[C@H]4O)cc23)[C@H](O)[C@@H](O)[C@@H]1O
72707	(2<i>S</i>)-versicolorone	73281	(2<i>S</i>)-versicolorone(1−)	72707	(2<i>S</i>)-versicolorone	rules miss the change	CC(=O)CC[C@H](CO)c1c([O-])cc2c(c1O)C(=O)c1c(O)cc(O)cc1C2=O	CC(=O)CC[C@H](CO)c1c(O)cc2c(c1O)C(=O)c1c(O)cc(O)cc1C2=O
73113	divinyl chlorophyll <em>a</em>	73095	divinyl chlorophyll <em>a</em>(1−)	73113	divinyl chlorophyll <em>a</em>	rules miss the change	C=CC1=C(C)C2=Cc3c(C=C)c(C)c4[n]3[Mg-2]35[n]6c(c(C)c7c6=C(C6=[N+]3C(=C4)[C@@H](C)[C@@H]6CCC(=O)OC/C=C(\C)CCC[C@H](C)CCC[C@H](C)CCCC(C)C)[C-](C(=O)OC)C7=O)=CC1=[N+]25	C=CC1=C(C)C2=Cc3c(C=C)c(C)c4[n]3[Mg-2]35[n]6c(c(C)c7c6=C(C6=[N+]3C(=C4)[C@@H](C)[C@@H]6CCC(=O)OC/C=C(\C)CCC[C@H](C)CCC[C@H](C)CCCC(C)C)[C@@H](C(=O)OC)C7=O)=CC1=[N+]25
73115	divinyl chlorophyll <em>b</em>	73096	divinyl chlorophyll <em>b</em>(1−)	73115	divinyl chlorophyll <em>b</em>	rules miss the change	C=CC1=C(C=O)C2=[N+]3C1=Cc1c(C)c4c5[n]1[Mg-2]31[n]3c(c(C)c(C=C)c3=C2)=CC2=[N+]1C(=C5[C-](C(=O)OC)C4=O)[C@@H](CCC(=O)OC/C=C(\C)CCC[C@H](C)CCC[C@H](C)CCCC(C)C)[C@@H]2C	C=CC1=C(C=O)C2=[N+]3C1=Cc1c(C)c4c5[n]1[Mg-2]31[n]3c(c(C)c(C=C)c3=C2)=CC2=[N+]1C(=C5[C@@H](C(=O)OC)C4=O)[C@@H](CCC(=O)OC/C=C(\C)CCC[C@H](C)CCC[C@H](C)CCCC(C)C)[C@@H]2C
73281	(2<i>S</i>)-versicolorone(1−)	73281	(2<i>S</i>)-versicolorone(1−)	72707	(2<i>S</i>)-versicolorone	rules pick another ChEBI entity	CC(=O)CC[C@H](CO)c1c([O-])cc2c(c1O)C(=O)c1c(O)cc(O)cc1C2=O	CC(=O)CC[C@H](CO)c1c(O)cc2c(c1O)C(=O)c1c(O)cc(O)cc1C2=O
73732	gadoteric acid	73735	gadoterate	73732	gadoteric acid	rules miss the change	O=C([O-])C[N+]12CC[N+]3(CC(=O)[O-])CC[N+]4(CC(=O)[O-])CC[N+](CC(=O)[O-])(CC1)[Gd-]234	O=C([O-])C[N+]12CC[N+]3(CC(=O)[O-])CC[N+]4(CC(=O)O)CC[N+](CC(=O)[O-])(CC1)[Gd-]234
73953	novobiocic acid(1−)	73953	novobiocic acid(1−)	31923	novobiocic acid	rules pick another ChEBI entity	CC(C)=CCc1cc(C(=O)Nc2c([O-])c3ccc(O)c(C)c3oc2=O)ccc1O	CC(C)=CCc1cc(C(=O)Nc2c(O)c3ccc(O)c(C)c3oc2=O)ccc1O
73954	8-desmethylnovobiocic acid(1−)	73954	8-desmethylnovobiocic acid(1−)	74005	8-desmethylnovobiocic acid	rules pick another ChEBI entity	CC(C)=CCc1cc(C(=O)Nc2c([O-])c3ccc(O)cc3oc2=O)ccc1O	CC(C)=CCc1cc(C(=O)Nc2c(O)c3ccc(O)cc3oc2=O)ccc1O
73955	descarbamoylnovobiocin(1−)	73955	descarbamoylnovobiocin(1−)	31467	descarbamoylnovobiocin	rules pick another ChEBI entity	CO[C@@H]1[C@@H](O)[C@@H](O)[C@H](Oc2ccc3c([O-])c(NC(=O)c4ccc(O)c(CC=C(C)C)c4)c(=O)oc3c2C)OC1(C)C	CO[C@@H]1[C@@H](O)[C@@H](O)[C@H](Oc2ccc3c(O)c(NC(=O)c4ccc(O)c(CC=C(C)C)c4)c(=O)oc3c2C)OC1(C)C
73957	desmethyldescarbamoylnovobiocin(1−)	73957	desmethyldescarbamoylnovobiocin(1−)	31469	desmethyldescarbamoylnovobiocin	rules pick another ChEBI entity	CC(C)=CCc1cc(C(=O)Nc2c([O-])c3ccc(O[C@@H]4OC(C)(C)[C@H](O)[C@@H](O)[C@H]4O)c(C)c3oc2=O)ccc1O	CC(C)=CCc1cc(C(=O)Nc2c(O)c3ccc(O[C@@H]4OC(C)(C)[C@H](O)[C@@H](O)[C@H]4O)c(C)c3oc2=O)ccc1O
74005	8-desmethylnovobiocic acid	73954	8-desmethylnovobiocic acid(1−)	74005	8-desmethylnovobiocic acid	rules miss the change	CC(C)=CCc1cc(C(=O)Nc2c([O-])c3ccc(O)cc3oc2=O)ccc1O	CC(C)=CCc1cc(C(=O)Nc2c(O)c3ccc(O)cc3oc2=O)ccc1O
74156	3-amino-4,7-dihydroxycoumarin(1−)	74156	3-amino-4,7-dihydroxycoumarin(1−)	31107	3-amino-4,7-dihydroxycoumarin	rules pick another ChEBI entity	Nc1c(O)c2ccc([O-])cc2oc1=O	Nc1c(O)c2ccc(O)cc2oc1=O
74159	<small>D</small>-cycloserine zwitterion	74159	<small>D</small>-cycloserine zwitterion	75929	<small>D</small>-cycloserine(1+)	rules pick another ChEBI entity	[NH3+][C@@H]1CO[N-]C1=O	[NH3+][C@@H]1CONC1=O
74351	aclacinomycin T	77979	aclacinomycin T zwitterion	74755	aclacinomycin T(1+)	rules pick another ChEBI entity	CC[C@@]1(O)C[C@H](O[C@H]2C[C@H]([NH+](C)C)[C@H](O)[C@H](C)O2)c2c(cc3c(c2[O-])C(=O)c2c(O)cccc2C3=O)[C@H]1C(=O)OC	CC[C@@]1(O)C[C@H](O[C@H]2C[C@H]([NH+](C)C)[C@H](O)[C@H](C)O2)c2c(cc3c(c2O)C(=O)c2c(O)cccc2C3=O)[C@H]1C(=O)OC
74353	aclacinomycin A(1+)	77980	aclacinomycin A zwitterion	74353	aclacinomycin A(1+)	rules miss the change	CC[C@@]1(O)C[C@H](O[C@H]2C[C@H]([NH+](C)C)[C@H](O[C@H]3C[C@H](O)[C@H](O[C@H]4CCC(=O)[C@H](C)O4)[C@H](C)O3)[C@H](C)O2)c2c(cc3c(c2[O-])C(=O)c2c(O)cccc2C3=O)[C@H]1C(=O)OC	CC[C@@]1(O)C[C@H](O[C@H]2C[C@H]([NH+](C)C)[C@H](O[C@H]3C[C@H](O)[C@H](O[C@H]4CCC(=O)[C@H](C)O4)[C@H](C)O3)[C@H](C)O2)c2c(cc3c(c2O)C(=O)c2c(O)cccc2C3=O)[C@H]1C(=O)OC
74406	3-vinylbacteriochlorophyllide <em>a</em>(1−)	83373	3-vinylbacteriochlorophyllide <em>a</em>(2−)	74406	3-vinylbacteriochlorophyllide <em>a</em>(1−)	rules miss the change	C=Cc1c(C)c2[n]3c1=CC1=[N+]4C(=Cc5c(C)c6c7[n]5[Mg-2]34[N+]3=C(C=2)[C@@H](C)[C@H](CCC(=O)[O-])C3=C7[C-](C(=O)OC)C6=O)[C@H](CC)[C@H]1C	C=Cc1c(C)c2[n]3c1C=C1[C@H](C)[C@@H](CC)C4=[N+]1[Mg-2]31[n]3c(c(C)c5c3=C(C3=[N+]1C(=C2)[C@@H](C)[C@@H]3CCC(=O)[O-])[C@@H](C(=O)OC)C5=O)=C4
74619	aclacinomycin A	77980	aclacinomycin A zwitterion	74353	aclacinomycin A(1+)	rules pick another ChEBI entity	CC[C@@]1(O)C[C@H](O[C@H]2C[C@H]([NH+](C)C)[C@H](O[C@H]3C[C@H](O)[C@H](O[C@H]4CCC(=O)[C@H](C)O4)[C@H](C)O3)[C@H](C)O2)c2c(cc3c(c2[O-])C(=O)c2c(O)cccc2C3=O)[C@H]1C(=O)OC	CC[C@@]1(O)C[C@H](O[C@H]2C[C@H]([NH+](C)C)[C@H](O[C@H]3C[C@H](O)[C@H](O[C@H]4CCC(=O)[C@H](C)O4)[C@H](C)O3)[C@H](C)O2)c2c(cc3c(c2O)C(=O)c2c(O)cccc2C3=O)[C@H]1C(=O)OC
74628	3-vinylbacteriochlorophyllide <em>a</em>	83373	3-vinylbacteriochlorophyllide <em>a</em>(2−)	74628	3-vinylbacteriochlorophyllide <em>a</em>	rules miss the change	C=Cc1c(C)c2[n]3c1=CC1=[N+]4C(=Cc5c(C)c6c7[n]5[Mg-2]34[N+]3=C(C=2)[C@@H](C)[C@H](CCC(=O)[O-])C3=C7[C-](C(=O)OC)C6=O)[C@H](CC)[C@H]1C	C=Cc1c(C)c2[n]3c1C=C1[C@H](C)[C@@H](CC)C4=[N+]1[Mg-2]31[n]3c(c(C)c5c3=C(C3=[N+]1C(=C2)[C@@H](C)[C@@H]3CCC(=O)O)[C@@H](C(=O)OC)C5=O)=C4
74755	aclacinomycin T(1+)	77979	aclacinomycin T zwitterion	74755	aclacinomycin T(1+)	rules miss the change	CC[C@@]1(O)C[C@H](O[C@H]2C[C@H]([NH+](C)C)[C@H](O)[C@H](C)O2)c2c(cc3c(c2[O-])C(=O)c2c(O)cccc2C3=O)[C@H]1C(=O)OC	CC[C@@]1(O)C[C@H](O[C@H]2C[C@H]([NH+](C)C)[C@H](O)[C@H](C)O2)c2c(cc3c(c2O)C(=O)c2c(O)cccc2C3=O)[C@H]1C(=O)OC
74924	aclacinomycin N(1+)	77991	aclacinomycin N zwitterion	74924	aclacinomycin N(1+)	rules miss the change	CC[C@@]1(O)C[C@H](O[C@H]2C[C@H]([NH+](C)C)[C@H](O[C@H]3C[C@H](O)[C@H](O[C@H]4CC[C@H](O)[C@H](C)O4)[C@H](C)O3)[C@H](C)O2)c2c(cc3c(c2[O-])C(=O)c2c(O)cccc2C3=O)[C@H]1C(=O)OC	CC[C@@]1(O)C[C@H](O[C@H]2C[C@H]([NH+](C)C)[C@H](O[C@H]3C[C@H](O)[C@H](O[C@H]4CC[C@H](O)[C@H](C)O4)[C@H](C)O3)[C@H](C)O2)c2c(cc3c(c2O)C(=O)c2c(O)cccc2C3=O)[C@H]1C(=O)OC
74929	aclacinomycin Y(1+)	77985	aclacinomycin Y zwitterion	74929	aclacinomycin Y(1+)	rules miss the change	CC[C@@]1(O)C[C@H](O[C@H]2C[C@H]([NH+](C)C)[C@H](O[C@H]3C[C@H](O)[C@H](O[C@H]4C=CC(=O)[C@H](C)O4)[C@H](C)O3)[C@H](C)O2)c2c(cc3c(c2[O-])C(=O)c2c(O)cccc2C3=O)[C@H]1C(=O)OC	CC[C@@]1(O)C[C@H](O[C@H]2C[C@H]([NH+](C)C)[C@H](O[C@H]3C[C@H](O)[C@H](O[C@H]4C=CC(=O)[C@H](C)O4)[C@H](C)O3)[C@H](C)O2)c2c(cc3c(c2O)C(=O)c2c(O)cccc2C3=O)[C@H]1C(=O)OC
74934	tetracenomycin D3(1−)	77990	tetracenomycin D3(2−)	74934	tetracenomycin D3(1−)	rules miss the change	Cc1c(C(=O)[O-])c(O)cc2cc3c(c(O)c12)C(=O)c1c(O)cc([O-])cc1C3=O	Cc1c(C(=O)[O-])c(O)cc2cc3c(c(O)c12)C(=O)c1c(O)cc(O)cc1C3=O
74944	dithiophosphoric acid	74591	dithiophosphate(2−)	74944	dithiophosphoric acid	rules miss the change	[O-]P(O)(=S)[S-]	[O-]P([O-])(=S)[S-]
74945	1,5-bis(diphospho)-1<small>D</small>-<i>myo</i>-inositol 2,3,4,6-tetrakisphosphate(14−)	77983	1,5-bis(diphospho)-1<small>D</small>-<i>myo</i>-inositol 2,3,4,6-tetrakisphosphate(13−)	74945	1,5-bis(diphospho)-1<small>D</small>-<i>myo</i>-inositol 2,3,4,6-tetrakisphosphate(14−)	rules miss the change	O=P([O-])([O-])O[C@@H]1[C@@H](OP(=O)([O-])[O-])[C@H](OP(=O)([O-])OP(=O)([O-])[O-])[C@@H](OP(=O)([O-])[O-])[C@H](OP(=O)([O-])OP(=O)([O-])O)[C@@H]1OP(=O)([O-])[O-]	O=P([O-])([O-])O[C@@H]1[C@@H](OP(=O)([O-])[O-])[C@H](OP(=O)([O-])OP(=O)([O-])[O-])[C@@H](OP(=O)([O-])[O-])[C@H](OP(=O)([O-])OP(=O)([O-])[O-])[C@@H]1OP(=O)([O-])[O-]
74951	cysteamine <i>S</i>-phosphate	74631	cysteamine <i>S</i>-phosphate(1−)	74951	cysteamine <i>S</i>-phosphate	rules miss the change	[NH3+]CCSP(=O)([O-])[O-]	[NH3+]CCSP(=O)(O)O
75091	aclacinomycin N	77991	aclacinomycin N zwitterion	74924	aclacinomycin N(1+)	rules pick another ChEBI entity	CC[C@@]1(O)C[C@H](O[C@H]2C[C@H]([NH+](C)C)[C@H](O[C@H]3C[C@H](O)[C@H](O[C@H]4CC[C@H](O)[C@H](C)O4)[C@H](C)O3)[C@H](C)O2)c2c(cc3c(c2[O-])C(=O)c2c(O)cccc2C3=O)[C@H]1C(=O)OC	CC[C@@]1(O)C[C@H](O[C@H]2C[C@H]([NH+](C)C)[C@H](O[C@H]3C[C@H](O)[C@H](O[C@H]4CC[C@H](O)[C@H](C)O4)[C@H](C)O3)[C@H](C)O2)c2c(cc3c(c2O)C(=O)c2c(O)cccc2C3=O)[C@H]1C(=O)OC
75093	aclacinomycin Y	77985	aclacinomycin Y zwitterion	74929	aclacinomycin Y(1+)	rules pick another ChEBI entity	CC[C@@]1(O)C[C@H](O[C@H]2C[C@H]([NH+](C)C)[C@H](O[C@H]3C[C@H](O)[C@H](O[C@H]4C=CC(=O)[C@H](C)O4)[C@H](C)O3)[C@H](C)O2)c2c(cc3c(c2[O-])C(=O)c2c(O)cccc2C3=O)[C@H]1C(=O)OC	CC[C@@]1(O)C[C@H](O[C@H]2C[C@H]([NH+](C)C)[C@H](O[C@H]3C[C@H](O)[C@H](O[C@H]4C=CC(=O)[C@H](C)O4)[C@H](C)O3)[C@H](C)O2)c2c(cc3c(c2O)C(=O)c2c(O)cccc2C3=O)[C@H]1C(=O)OC
75244	aklaviketone	77994	aklaviketone(1−)	75244	aklaviketone	rules miss the change	CC[C@@]1(O)CC(=O)c2c(cc3c(c2[O-])C(=O)c2c(O)cccc2C3=O)[C@H]1C(=O)OC	CC[C@@]1(O)CC(=O)c2c(cc3c(c2O)C(=O)c2c(O)cccc2C3=O)[C@H]1C(=O)OC
75311	methyl aklanonate	77988	methyl aklanonate(1−)	75311	methyl aklanonate	rules miss the change	CCC(=O)CC(=O)c1c(CC(=O)OC)cc2c(c1O)C(=O)c1c([O-])cccc1C2=O	CCC(=O)CC(=O)c1c(CC(=O)OC)cc2c(c1O)C(=O)c1c(O)cccc1C2=O
75314	peonidin	144779	peonidin(1−)	75314	peonidin	rules miss the change	COc1cc(-c2[o+]c3cc(O)cc([O-])c3cc2[O-])ccc1O	COc1cc(-c2[o+]c3cc(O)cc(O)c3cc2O)ccc1O
75318	petunidin	193101	petunidin(1−)	75318	petunidin	rules miss the change	COc1cc(-c2[o+]c3cc(O)cc([O-])c3cc2[O-])cc(O)c1O	COc1cc(-c2[o+]c3cc(O)cc(O)c3cc2O)cc(O)c1O
75372	pararosaniline free base	87664	pararosaniline(1+)	75372	pararosaniline free base	rules miss the change	Nc1ccc(C(=C2C=CC(=[NH2+])C=C2)c2ccc(N)cc2)cc1	N=C1C=CC(=C(c2ccc(N)cc2)c2ccc(N)cc2)C=C1
75954	vancomycin aglycone zwitterion	77981	vancomycin aglycone(1−)	75954	vancomycin aglycone zwitterion	rules miss the change	C[NH2+][C@H](CC(C)C)C(=O)N[C@H]1C(=O)N[C@@H](CC(N)=O)C(=O)N[C@H]2C(=O)N[C@H]3C(=O)N[C@H](C(=O)N[C@H](C(=O)[O-])c4cc(O)cc(O)c4-c4cc3ccc4O)[C@H](O)c3ccc(c(Cl)c3)Oc3cc2cc(c3[O-])Oc2ccc(cc2Cl)[C@H]1O	C[NH2+][C@H](CC(C)C)C(=O)N[C@H]1C(=O)N[C@@H](CC(N)=O)C(=O)N[C@H]2C(=O)N[C@H]3C(=O)N[C@H](C(=O)N[C@H](C(=O)[O-])c4cc(O)cc(O)c4-c4cc3ccc4O)[C@H](O)c3ccc(c(Cl)c3)Oc3cc2cc(c3O)Oc2ccc(cc2Cl)[C@H]1O
76032	7<small><sup>1</small></sup>-hydroxychlorophyll <em>a</em>	83377	7<small><sup>1</small></sup>-hydroxychlorophyll <em>a</em>(1−)	76032	7<small><sup>1</small></sup>-hydroxychlorophyll <em>a</em>	rules miss the change	C=Cc1c(C)c2[n]3c1=CC1=[N+]4C(=Cc5c(C)c6c7[n]5[Mg-2]34[N+]3=C(C=2)[C@@H](C)[C@H](CCC(=O)OC/C=C(\C)CCC[C@H](C)CCC[C@H](C)CCCC(C)C)C3=C7[C-](C(=O)OC)C6=O)C(CC)=C1CO	C=Cc1c(C)c2[n]3c1C=C1C(CO)=C(CC)C4=[N+]1[Mg-2]31[n]3c(c(C)c5c3=C(C3=[N+]1C(=C2)[C@@H](C)[C@@H]3CCC(=O)OC/C=C(\C)CCC[C@H](C)CCC[C@H](C)CCCC(C)C)[C@@H](C(=O)OC)C5=O)=C4
76159	tetracenomycin F2(1−)	77982	tetracenomycin F2(2−)	76159	tetracenomycin F2(1−)	rules miss the change	CC(=O)c1c(/C=C(/O)CC(=O)[O-])cc2c(c1O)C(=O)c1c(O)cc([O-])cc1C2	CC(=O)c1c(/C=C(/O)CC(=O)[O-])cc2c(c1O)C(=O)c1c(O)cc(O)cc1C2
76278	dehydrocoformycin(1+)	76278	dehydrocoformycin(1+)	16299	dehydrocoformycin	rules pick another ChEBI entity	O=C1CNC=[NH+]c2c1ncn2[C@@H]1O[C@H](CO)[C@@H](O)[C@H]1O	O=C1CNC=Nc2c1ncn2[C@@H]1O[C@H](CO)[C@@H](O)[C@H]1O
76565	2-ammonioprop-2-enoate	76565	2-ammonioprop-2-enoate	58020	2-aminoacrylate	rules pick another ChEBI entity	C=C([NH3+])C(=O)[O-]	C=C(N)C(=O)[O-]
77315	spectinomycin(2+)	146260	spectinomycin(1+)	77315	spectinomycin(2+)	rules miss the change	CN[C@H]1[C@@H](O)[C@@H]([NH2+]C)[C@H](O)[C@H]2O[C@@H]3O[C@H](C)CC(=O)[C@]3(O)O[C@H]12	C[NH2+][C@@H]1[C@H](O)[C@H]([NH2+]C)[C@H]2O[C@@]3(O)C(=O)C[C@@H](C)O[C@H]3O[C@@H]2[C@H]1O
77612	<i>cis</i>,<i>cis</i>-2-ammonio-3-(3-oxoprop-1-enyl)but-2-enedioate(1−)	77612	<i>cis</i>,<i>cis</i>-2-ammonio-3-(3-oxoprop-1-enyl)but-2-enedioate(1−)	994	<i>cis</i>,<i>cis</i>-2-amino-3-(3-oxoprop-1-enyl)but-2-enedioate	rules pick another ChEBI entity	[NH3+]/C(C(=O)[O-])=C(/C=C\C=O)C(=O)[O-]	N/C(C(=O)[O-])=C(/C=C\C=O)C(=O)[O-]
77620	5-oxido-6-methylpyridinium-3,4-dicarboxylate	77620	5-oxido-6-methylpyridinium-3,4-dicarboxylate	11807	5-hydroxy-6-methylpyridine-3,4-dicarboxylate	rules pick another ChEBI entity	Cc1[nH+]cc(C(=O)[O-])c(C(=O)[O-])c1[O-]	Cc1ncc(C(=O)[O-])c(C(=O)[O-])c1O
77621	2',3,4,4',6'-pentahydroxychalcone(1−)	77621	2',3,4,4',6'-pentahydroxychalcone(1−)	10836	2',3,4,4',6'-pentahydroxychalcone	rules pick another ChEBI entity	O=C(C=Cc1ccc(O)c(O)c1)c1c([O-])cc(O)cc1O	O=C(C=Cc1ccc(O)c(O)c1)c1c(O)cc(O)cc1O
77633	isonocardicin A(2−)	77633	isonocardicin A(2−)	57788	isonocardicin A(1−)	rules pick another ChEBI entity	[NH3+][C@@H](CCOc1ccc(/C(=N/[O-])C(=O)N[C@H]2CN([C@@H](C(=O)[O-])c3ccc(O)cc3)C2=O)cc1)C(=O)[O-]	[NH3+][C@@H](CCOc1ccc(/C(=N/O)C(=O)N[C@H]2CN([C@@H](C(=O)[O-])c3ccc(O)cc3)C2=O)cc1)C(=O)[O-]
77634	2-aminomuconic 6-semialdehyde zwitterion	77634	2-aminomuconic 6-semialdehyde zwitterion	57495	2-aminomuconate 6-semialdehyde(1−)	rules pick another ChEBI entity	[NH3+]/C(=C/C=C\C=O)C(=O)[O-]	N/C(=C/C=C\C=O)C(=O)[O-]
77639	sulochrin(1−)	77639	sulochrin(1−)	16159	sulochrin	rules pick another ChEBI entity	COC(=O)c1cc(O)cc(OC)c1C(=O)c1c([O-])cc(C)cc1O	COC(=O)c1cc(O)cc(OC)c1C(=O)c1c(O)cc(C)cc1O
77642	2'-<em>O</em>-methyllicodione(1−)	77642	2'-<em>O</em>-methyllicodione(1−)	15789	2'-<em>O</em>-methyllicodione	rules pick another ChEBI entity	COc1cc(O)ccc1C(=O)CC(=O)c1ccc([O-])cc1	COc1cc(O)ccc1C(=O)CC(=O)c1ccc(O)cc1
77643	protoaphin aglucone(1−)	77643	protoaphin aglucone(1−)	15795	protoaphin aglucone	rules pick another ChEBI entity	C[C@H]1O[C@H](C)[C@@H](O)C2=C1C(=O)c1c(O)cc([O-])c(-c3c4c(c(O)c5c(O)cc(O)cc35)[C@@H](C)O[C@H](C)[C@H]4O)c1C2=O	C[C@H]1O[C@H](C)[C@@H](O)C2=C1C(=O)c1c(O)cc(O)c(-c3c4c(c(O)c5c(O)cc(O)cc35)[C@@H](C)O[C@H](C)[C@H]4O)c1C2=O
77647	2,3',4,6-tetrahydroxybenzophenone(1−)	77647	2,3',4,6-tetrahydroxybenzophenone(1−)	15718	2,3',4,6-tetrahydroxybenzophenone	rules pick another ChEBI entity	O=C(c1cccc(O)c1)c1c([O-])cc(O)cc1O	O=C(c1cccc(O)c1)c1c(O)cc(O)cc1O
77658	nocardicin A(2−)	77658	nocardicin A(2−)	58244	nocardicin A(1−)	rules pick another ChEBI entity	[NH3+][C@H](CCOc1ccc(/C(=N/[O-])C(=O)N[C@H]2CN([C@@H](C(=O)[O-])c3ccc(O)cc3)C2=O)cc1)C(=O)[O-]	[NH3+][C@H](CCOc1ccc(/C(=N/O)C(=O)N[C@H]2CN([C@@H](C(=O)[O-])c3ccc(O)cc3)C2=O)cc1)C(=O)[O-]
77659	emodin(1−)	77659	emodin(1−)	42223	emodin	rules pick another ChEBI entity	Cc1cc(O)c2c(c1)C(=O)c1cc([O-])cc(O)c1C2=O	Cc1cc(O)c2c(c1)C(=O)c1cc(O)cc(O)c1C2=O
77663	pulcherriminate(2−)	77663	pulcherriminate(2−)	71599	pulcherriminic acid	rules pick another ChEBI entity	CC(C)Cc1c([O-])[n+]([O-])c(CC(C)C)c([O-])[n+]1[O-]	CC(C)Cc1c(O)[n+]([O-])c(CC(C)C)c(O)[n+]1[O-]
77667	2,4-divinyl protochlorophyllide <em>a</em>(1−)	58632	2,4-divinyl protochlorophyllide <em>a</em>(2−)	77667	2,4-divinyl protochlorophyllide <em>a</em>(1−)	rules miss the change	C=CC1=C(C)C2=[N+]3C1=Cc1c(C)c4c5[n]1[Mg-2]31[n]3c(c(C)c(C=C)c3=C2)=CC2=[N+]1C(=C5[C-](C(=O)OC)C4=O)C(CCC(=O)[O-])=C2C	C=CC1=C(C)C2=[N+]3C1=Cc1c(C)c4c5[n]1[Mg-2]31[n]3c(c(C)c(C=C)c3=C2)=CC2=[N+]1C(=C5[C@@H](C(=O)OC)C4=O)C(CCC(=O)[O-])=C2C
77711	licodione(1−)	77711	licodione(1−)	18131	licodione	rules pick another ChEBI entity	O=C(CC(=O)c1ccc(O)cc1O)c1ccc([O-])cc1	O=C(CC(=O)c1ccc(O)cc1O)c1ccc(O)cc1
77728	bergaptol(1−)	77728	bergaptol(1−)	17377	bergaptol	rules pick another ChEBI entity	O=c1ccc2c([O-])c3ccoc3cc2o1	O=c1ccc2c(O)c3ccoc3cc2o1
77765	2,4,6-trihydroxybenzophenone(1−)	77765	2,4,6-trihydroxybenzophenone(1−)	28233	2,4,6-trihydroxybenzophenone	rules pick another ChEBI entity	O=C(c1ccccc1)c1c([O-])cc(O)cc1O	O=C(c1ccccc1)c1c(O)cc(O)cc1O
77798	melamine(1+)	77798	melamine(1+)	27915	melamine	rules pick another ChEBI entity	Nc1nc(N)[nH+]c(N)n1	Nc1nc(N)nc(N)n1
77803	2-ammonio-3-(3-oxoprop-1-enyl)but-2-enedioate(1−)	77803	2-ammonio-3-(3-oxoprop-1-enyl)but-2-enedioate(1−)	29044	2-amino-3-(3-oxoprop-1-enyl)but-2-enedioate	rules pick another ChEBI entity	[NH3+]C(C(=O)[O-])=C(C=CC=O)C(=O)[O-]	NC(C(=O)[O-])=C(C=CC=O)C(=O)[O-]
77840	3,8'-biflaviolin 2,7,2'-triolate	77840	3,8'-biflaviolin 2,7,2'-triolate	58872	3,8'-biflaviolin 2,2'-diolate	rules pick another ChEBI entity	O=C1C([O-])=C(c2c([O-])cc(O)c3c2C(=O)C([O-])=CC3=O)C(=O)c2c(O)cc(O)cc21	O=C1C([O-])=C(c2c(O)cc(O)c3c2C(=O)C([O-])=CC3=O)C(=O)c2c(O)cc(O)cc21
77857	cyanidin 3-<em>O</em>-β-<small>D</small>-glucoside(1−)	77857	cyanidin 3-<em>O</em>-β-<small>D</small>-glucoside(1−)	61318	cyanidin 3-<em>O</em>-β-<small>D</small>-glucoside betaine	rules pick another ChEBI entity	[O-]c1cc([O-])c2cc(O[C@@H]3O[C@H](CO)[C@@H](O)[C@H](O)[C@H]3O)c(-c3ccc(O)c(O)c3)[o+]c2c1	[O-]c1cc(O)cc2[o+]c(-c3ccc(O)c(O)c3)c(O[C@@H]3O[C@H](CO)[C@@H](O)[C@H](O)[C@H]3O)cc12
77858	4-hydroxycoumarin(1−)	77858	4-hydroxycoumarin(1−)	40070	4-hydroxycoumarin	rules pick another ChEBI entity	O=c1cc([O-])c2ccccc2o1	O=c1cc(O)c2ccccc2o1
77859	(2<i>Z</i>,4<i>E</i>)-2-ammoniomuconate(1−)	77859	(2<i>Z</i>,4<i>E</i>)-2-ammoniomuconate(1−)	57937	(2<i>Z</i>,4<i>E</i>)-2-aminomuconate(2−)	rules pick another ChEBI entity	[NH3+]/C(=C\C=C\C(=O)[O-])C(=O)[O-]	N/C(=C\C=C\C(=O)[O-])C(=O)[O-]
77872	precorrin-6A(7−)	77872	precorrin-6A(7−)	58513	precorrin-6X(8−)	rules pick another ChEBI entity	C[C@]1(CCC(=O)[O-])C2=NC(=C1CC(=O)[O-])[C@]1(C)N/C(=C\C3=[NH+]C(=C(CCC(=O)[O-])[C@]3(C)CC(=O)[O-])C[C@]3(C)N=C(C2)C(CCC(=O)[O-])=C3CC(=O)[O-])[C@@H](CCC(=O)[O-])[C@]1(C)CC(=O)[O-]	C[C@]1(CCC(=O)[O-])C2=NC(=C1CC(=O)[O-])[C@]1(C)N/C(=C\C3=NC(=C(CCC(=O)[O-])[C@]3(C)CC(=O)[O-])C[C@]3(C)N=C(C2)C(CCC(=O)[O-])=C3CC(=O)[O-])[C@@H](CCC(=O)[O-])[C@]1(C)CC(=O)[O-]
77877	3,3'-biflaviolin(3−)	77877	3,3'-biflaviolin(3−)	58871	3,3'-biflaviolin 2,2'-diolate	rules pick another ChEBI entity	O=C1C([O-])=C(C2=C([O-])C(=O)c3cc(O)cc(O)c3C2=O)C(=O)c2c(O)cc([O-])cc21	O=C1C([O-])=C(C2=C([O-])C(=O)c3cc(O)cc(O)c3C2=O)C(=O)c2c(O)cc(O)cc21
77885	nocardicin E(2−)	77885	nocardicin E(2−)	58610	nocardicin E(1−)	rules pick another ChEBI entity	O=C(N[C@H]1CN([C@@H](C(=O)[O-])c2ccc(O)cc2)C1=O)/C(=N\[O-])c1ccc(O)cc1	O=C(N[C@H]1CN([C@@H](C(=O)[O-])c2ccc(O)cc2)C1=O)/C(=N\O)c1ccc(O)cc1
77886	demethylsulochrin(2−)	77886	demethylsulochrin(2−)	58760	demethylsulochrin(1−)	rules pick another ChEBI entity	COc1cc(O)cc(C(=O)[O-])c1C(=O)c1c([O-])cc(C)cc1O	COc1cc(O)cc(C(=O)[O-])c1C(=O)c1c(O)cc(C)cc1O
77899	(<i>S</i>)-averantin(1−)	77899	(<i>S</i>)-averantin(1−)	71534	(<i>S</i>)-averantin	rules pick another ChEBI entity	CCCCC[C@H](O)c1c(O)cc2c(c1O)C(=O)c1c(O)cc([O-])cc1C2=O	CCCCC[C@H](O)c1c(O)cc2c(c1O)C(=O)c1c(O)cc(O)cc1C2=O
77900	(1'<i>S</i>,5'<i>S</i>)-5'-hydroxyaverantin(1−)	77900	(1'<i>S</i>,5'<i>S</i>)-5'-hydroxyaverantin(1−)	71535	(1'<i>S</i>,5'<i>S</i>)-5'-hydroxyaverantin	rules pick another ChEBI entity	C[C@H](O)CCC[C@H](O)c1c(O)cc2c(c1O)C(=O)c1c(O)cc([O-])cc1C2=O	C[C@H](O)CCC[C@H](O)c1c(O)cc2c(c1O)C(=O)c1c(O)cc(O)cc1C2=O
77904	norsolorinic acid anthrone(1−)	77904	norsolorinic acid anthrone(1−)	71354	norsolorinic acid anthrone	rules pick another ChEBI entity	CCCCCC(=O)c1c(O)cc2c(c1O)C(=O)c1c(O)cc([O-])cc1C2	CCCCCC(=O)c1c(O)cc2c(c1O)C(=O)c1c(O)cc(O)cc1C2
77906	minocycline zwitterion	77906	minocycline zwitterion	71337	minocycline(1−)	rules pick another ChEBI entity	CN(C)c1ccc(O)c2c1C[C@H]1C[C@H]3[C@H]([NH+](C)C)C([O-])=C(C(N)=O)C(=O)[C@@]3(O)C(O)=C1C2=O	CN(C)c1ccc(O)c2c1C[C@H]1C[C@H]3[C@H]([NH+](C)C)C([O-])=C(C(N)=O)C(=O)[C@@]3(O)C([O-])=C1C2=O
77907	hydroxyversicolorone(1−)	77907	hydroxyversicolorone(1−)	71634	hydroxyversicolorone	rules pick another ChEBI entity	CC(=O)CC[C@H]1c2c(cc3c(c2O)C(=O)c2c(O)cc([O-])cc2C3=O)O[C@@H]1O	CC(=O)CC[C@H]1c2c(cc3c(c2O)C(=O)c2c(O)cc(O)cc2C3=O)O[C@@H]1O
77932	tetracycline zwitterion	77932	tetracycline zwitterion	71392	tetracycline(1−)	rules pick another ChEBI entity	C[NH+](C)[C@@H]1C([O-])=C(C(N)=O)C(=O)[C@@]2(O)C(O)=C3C(=O)c4c(O)cccc4[C@@](C)(O)[C@H]3C[C@@H]12	C[NH+](C)[C@@H]1C([O-])=C(C(N)=O)C(=O)[C@@]2(O)C([O-])=C3C(=O)c4c(O)cccc4[C@@](C)(O)[C@H]3C[C@@H]12
77933	(<i>S</i>)-5'-oxoaverantin(1−)	77933	(<i>S</i>)-5'-oxoaverantin(1−)	71649	(<i>S</i>)-5'-oxoaverantin	rules pick another ChEBI entity	CC(=O)CCC[C@H](O)c1c(O)cc2c(c1O)C(=O)c1c(O)cc([O-])cc1C2=O	CC(=O)CCC[C@H](O)c1c(O)cc2c(c1O)C(=O)c1c(O)cc(O)cc1C2=O
77948	isoliquiritigenin(1−)	77948	isoliquiritigenin(1−)	310312	isoliquiritigenin	rules pick another ChEBI entity	O=C(/C=C/c1ccc(O)cc1)c1ccc(O)cc1[O-]	O=C(/C=C/c1ccc(O)cc1)c1ccc(O)cc1O
77950	(2<i>S</i>-3<i>S</i>)-versiconal hemiacetal(1−)	77950	(2<i>S</i>-3<i>S</i>)-versiconal hemiacetal(1−)	72672	(2<i>S</i>-3<i>S</i>)-versiconal hemiacetal	rules pick another ChEBI entity	O=C1c2cc([O-])cc(O)c2C(=O)c2c1cc1c(c2O)[C@H](CCO)[C@@H](O)O1	O=C1c2cc(O)cc(O)c2C(=O)c2c1cc1c(c2O)[C@H](CCO)[C@@H](O)O1
77951	versicolorin B(1−)	77951	versicolorin B(1−)	72674	versicolorin B	rules pick another ChEBI entity	O=C1c2cc([O-])cc(O)c2C(=O)c2c1cc1c(c2O)[C@@H]2CCO[C@@H]2O1	O=C1c2cc(O)cc(O)c2C(=O)c2c1cc1c(c2O)[C@@H]2CCO[C@@H]2O1
77975	(2<i>S</i>,3<i>S</i>)-versiconal hemiacetal acetate(1−)	77975	(2<i>S</i>,3<i>S</i>)-versiconal hemiacetal acetate(1−)	72671	(2<i>S</i>,3<i>S</i>)-versiconal hemiacetal acetate	rules pick another ChEBI entity	CC(=O)OCC[C@H]1c2c(cc3c(c2O)C(=O)c2c(O)cc([O-])cc2C3=O)O[C@@H]1O	CC(=O)OCC[C@H]1c2c(cc3c(c2O)C(=O)c2c(O)cc(O)cc2C3=O)O[C@@H]1O
77976	versicolorin A(1−)	77976	versicolorin A(1−)	72676	versicolorin A	rules pick another ChEBI entity	O=C1c2cc([O-])cc(O)c2C(=O)c2c1cc1c(c2O)[C@@H]2C=CO[C@@H]2O1	O=C1c2cc(O)cc(O)c2C(=O)c2c1cc1c(c2O)[C@@H]2C=CO[C@@H]2O1
77978	2',4,4',6'-tetrahydroxychalcone 4'-<em>O</em>-β-<small>D</small>-glucoside(1−)	77978	2',4,4',6'-tetrahydroxychalcone 4'-<em>O</em>-β-<small>D</small>-glucoside(1−)	66906	2',4,4',6'-tetrahydroxychalcone 4'-<em>O</em>-β-<small>D</small>-glucoside	rules pick another ChEBI entity	O=C(/C=C/c1ccc(O)cc1)c1c([O-])cc(O[C@@H]2O[C@H](CO)[C@@H](O)[C@H](O)[C@H]2O)cc1O	O=C(/C=C/c1ccc(O)cc1)c1c(O)cc(O[C@@H]2O[C@H](CO)[C@@H](O)[C@H](O)[C@H]2O)cc1O
77979	aclacinomycin T zwitterion	77979	aclacinomycin T zwitterion	74755	aclacinomycin T(1+)	rules pick another ChEBI entity	CC[C@@]1(O)C[C@H](O[C@H]2C[C@H]([NH+](C)C)[C@H](O)[C@H](C)O2)c2c(cc3c(c2[O-])C(=O)c2c(O)cccc2C3=O)[C@H]1C(=O)OC	CC[C@@]1(O)C[C@H](O[C@H]2C[C@H]([NH+](C)C)[C@H](O)[C@H](C)O2)c2c(cc3c(c2O)C(=O)c2c(O)cccc2C3=O)[C@H]1C(=O)OC
77980	aclacinomycin A zwitterion	77980	aclacinomycin A zwitterion	74353	aclacinomycin A(1+)	rules pick another ChEBI entity	CC[C@@]1(O)C[C@H](O[C@H]2C[C@H]([NH+](C)C)[C@H](O[C@H]3C[C@H](O)[C@H](O[C@H]4CCC(=O)[C@H](C)O4)[C@H](C)O3)[C@H](C)O2)c2c(cc3c(c2[O-])C(=O)c2c(O)cccc2C3=O)[C@H]1C(=O)OC	CC[C@@]1(O)C[C@H](O[C@H]2C[C@H]([NH+](C)C)[C@H](O[C@H]3C[C@H](O)[C@H](O[C@H]4CCC(=O)[C@H](C)O4)[C@H](C)O3)[C@H](C)O2)c2c(cc3c(c2O)C(=O)c2c(O)cccc2C3=O)[C@H]1C(=O)OC
77981	vancomycin aglycone(1−)	77981	vancomycin aglycone(1−)	75954	vancomycin aglycone zwitterion	rules pick another ChEBI entity	C[NH2+][C@H](CC(C)C)C(=O)N[C@H]1C(=O)N[C@@H](CC(N)=O)C(=O)N[C@H]2C(=O)N[C@H]3C(=O)N[C@H](C(=O)N[C@H](C(=O)[O-])c4cc(O)cc(O)c4-c4cc3ccc4O)[C@H](O)c3ccc(c(Cl)c3)Oc3cc2cc(c3[O-])Oc2ccc(cc2Cl)[C@H]1O	C[NH2+][C@H](CC(C)C)C(=O)N[C@H]1C(=O)N[C@@H](CC(N)=O)C(=O)N[C@H]2C(=O)N[C@H]3C(=O)N[C@H](C(=O)N[C@H](C(=O)[O-])c4cc(O)cc(O)c4-c4cc3ccc4O)[C@H](O)c3ccc(c(Cl)c3)Oc3cc2cc(c3O)Oc2ccc(cc2Cl)[C@H]1O
77982	tetracenomycin F2(2−)	77982	tetracenomycin F2(2−)	76159	tetracenomycin F2(1−)	rules pick another ChEBI entity	CC(=O)c1c(/C=C(/O)CC(=O)[O-])cc2c(c1O)C(=O)c1c(O)cc([O-])cc1C2	CC(=O)c1c(/C=C(/O)CC(=O)[O-])cc2c(c1O)C(=O)c1c(O)cc(O)cc1C2
77983	1,5-bis(diphospho)-1<small>D</small>-<i>myo</i>-inositol 2,3,4,6-tetrakisphosphate(13−)	77983	1,5-bis(diphospho)-1<small>D</small>-<i>myo</i>-inositol 2,3,4,6-tetrakisphosphate(13−)	74945	1,5-bis(diphospho)-1<small>D</small>-<i>myo</i>-inositol 2,3,4,6-tetrakisphosphate(14−)	rules pick another ChEBI entity	O=P([O-])([O-])O[C@@H]1[C@@H](OP(=O)([O-])[O-])[C@H](OP(=O)([O-])OP(=O)([O-])[O-])[C@@H](OP(=O)([O-])[O-])[C@H](OP(=O)([O-])OP(=O)([O-])O)[C@@H]1OP(=O)([O-])[O-]	O=P([O-])([O-])O[C@@H]1[C@@H](OP(=O)([O-])[O-])[C@H](OP(=O)([O-])OP(=O)([O-])[O-])[C@@H](OP(=O)([O-])[O-])[C@H](OP(=O)([O-])OP(=O)([O-])[O-])[C@@H]1OP(=O)([O-])[O-]
77985	aclacinomycin Y zwitterion	77985	aclacinomycin Y zwitterion	74929	aclacinomycin Y(1+)	rules pick another ChEBI entity	CC[C@@]1(O)C[C@H](O[C@H]2C[C@H]([NH+](C)C)[C@H](O[C@H]3C[C@H](O)[C@H](O[C@H]4C=CC(=O)[C@H](C)O4)[C@H](C)O3)[C@H](C)O2)c2c(cc3c(c2[O-])C(=O)c2c(O)cccc2C3=O)[C@H]1C(=O)OC	CC[C@@]1(O)C[C@H](O[C@H]2C[C@H]([NH+](C)C)[C@H](O[C@H]3C[C@H](O)[C@H](O[C@H]4C=CC(=O)[C@H](C)O4)[C@H](C)O3)[C@H](C)O2)c2c(cc3c(c2O)C(=O)c2c(O)cccc2C3=O)[C@H]1C(=O)OC
77988	methyl aklanonate(1−)	77988	methyl aklanonate(1−)	75311	methyl aklanonate	rules pick another ChEBI entity	CCC(=O)CC(=O)c1c(CC(=O)OC)cc2c(c1O)C(=O)c1c([O-])cccc1C2=O	CCC(=O)CC(=O)c1c(CC(=O)OC)cc2c(c1O)C(=O)c1c(O)cccc1C2=O
77990	tetracenomycin D3(2−)	77990	tetracenomycin D3(2−)	74934	tetracenomycin D3(1−)	rules pick another ChEBI entity	Cc1c(C(=O)[O-])c(O)cc2cc3c(c(O)c12)C(=O)c1c(O)cc([O-])cc1C3=O	Cc1c(C(=O)[O-])c(O)cc2cc3c(c(O)c12)C(=O)c1c(O)cc(O)cc1C3=O
77991	aclacinomycin N zwitterion	77991	aclacinomycin N zwitterion	74924	aclacinomycin N(1+)	rules pick another ChEBI entity	CC[C@@]1(O)C[C@H](O[C@H]2C[C@H]([NH+](C)C)[C@H](O[C@H]3C[C@H](O)[C@H](O[C@H]4CC[C@H](O)[C@H](C)O4)[C@H](C)O3)[C@H](C)O2)c2c(cc3c(c2[O-])C(=O)c2c(O)cccc2C3=O)[C@H]1C(=O)OC	CC[C@@]1(O)C[C@H](O[C@H]2C[C@H]([NH+](C)C)[C@H](O[C@H]3C[C@H](O)[C@H](O[C@H]4CC[C@H](O)[C@H](C)O4)[C@H](C)O3)[C@H](C)O2)c2c(cc3c(c2O)C(=O)c2c(O)cccc2C3=O)[C@H]1C(=O)OC
77994	aklaviketone(1−)	77994	aklaviketone(1−)	75244	aklaviketone	rules pick another ChEBI entity	CC[C@@]1(O)CC(=O)c2c(cc3c(c2[O-])C(=O)c2c(O)cccc2C3=O)[C@H]1C(=O)OC	CC[C@@]1(O)CC(=O)c2c(cc3c(c2O)C(=O)c2c(O)cccc2C3=O)[C@H]1C(=O)OC
78220	2-methyl-1-pyrrolinium	78220	2-methyl-1-pyrrolinium	78856	2-methyl-1-pyrroline	rules pick another ChEBI entity	CC1=[NH+]CCC1	CC1=NCCC1
78310	carminic acid	149531	carminate(2−)	78310	carminic acid	rules miss the change	Cc1c(C(=O)[O-])c(O)cc2c1C(=O)c1c(O)c([C@@H]3O[C@H](CO)[C@@H](O)[C@H](O)[C@H]3O)c([O-])c(O)c1C2=O	Cc1c(C(=O)[O-])c(O)cc2c1C(=O)c1c(O)c([C@@H]3O[C@H](CO)[C@@H](O)[C@H](O)[C@H]3O)c(O)c(O)c1C2=O
78326	5-hydroxyxanthotoxin(1−)	78326	5-hydroxyxanthotoxin(1−)	2082	5-hydroxyxanthotoxin	rules pick another ChEBI entity	COc1c2occc2c([O-])c2ccc(=O)oc12	COc1c2occc2c(O)c2ccc(=O)oc12
78543	ponatinib	191939	ponatinib(1+)	78543	ponatinib	rules miss the change	Cc1ccc(C(=O)Nc2ccc(CN3CC[NH+](C)CC3)c(C(F)(F)F)c2)cc1C#Cc1cnc2cccnn12	Cc1ccc(C(=O)Nc2ccc(C[NH+]3CCN(C)CC3)c(C(F)(F)F)c2)cc1C#Cc1cnc2cccnn12
78588	6-linalyl-2-<em>O</em>,3-dimethylflaviolin-7-olate	78588	6-linalyl-2-<em>O</em>,3-dimethylflaviolin-7-olate	82610	6-linalyl-2-<em>O</em>,3-dimethylflaviolin	rules pick another ChEBI entity	C=CC(C)(CCC=C(C)C)c1c([O-])cc2c(c1O)C(=O)C(C)=C(OC)C2=O	C=CC(C)(CCC=C(C)C)c1c(O)cc2c(c1O)C(=O)C(C)=C(OC)C2=O
78589	2-<em>O</em>,3-dimethylflaviolin-7-olate	78589	2-<em>O</em>,3-dimethylflaviolin-7-olate	82611	2-<em>O</em>,3-dimethylflaviolin	rules pick another ChEBI entity	COC1=C(C)C(=O)c2c(O)cc([O-])cc2C1=O	COC1=C(C)C(=O)c2c(O)cc(O)cc2C1=O
78688	2,4-diacetylphloroglucinol	140662	2,4-diacetylphloroglucinol(1−)	78688	2,4-diacetylphloroglucinol	rules miss the change	CC(=O)c1c([O-])cc(O)c(C(C)=O)c1O	CC(=O)c1c(O)cc(O)c(C(C)=O)c1O
78856	2-methyl-1-pyrroline	78220	2-methyl-1-pyrrolinium	78856	2-methyl-1-pyrroline	rules miss the change	CC1=[NH+]CCC1	CC1=NCCC1
78966	ascr#28	139671	ascr#28(1-)	78966	ascr#28	rules miss the change	CC(CCCCCCCCCCCCCC(=O)[O-])OC1OC(C)C(O)CC1O	C[C@H](CCCCCCCCCCCCCC(=O)[O-])O[C@@H]1O[C@@H](C)[C@H](O)C[C@H]1O
79129	mbas#10	140806	mbas#10(1-)	79129	mbas#10	rules miss the change	C/C=C(\C)C(=O)OC1CC(O)C(OC(C)CCCCCCC(=O)[O-])OC1C	C/C=C(\C)C(=O)O[C@@H]1C[C@@H](O)[C@H](O[C@H](C)CCCCCCC(=O)[O-])O[C@H]1C
79172	2-hydroxy-6-(2-oxidophenyl)-6-oxo-<i>cis</i>,<i>cis</i>-hexa-2,4-dienoate(2−)	79172	2-hydroxy-6-(2-oxidophenyl)-6-oxo-<i>cis</i>,<i>cis</i>-hexa-2,4-dienoate(2−)	36538	2-hydroxy-6-(2-hydroxyphenyl)-6-oxo-<i>cis</i>,<i>cis</i>-hexa-2,4-dienoate	rules pick another ChEBI entity	O=C([O-])/C(O)=C\C=C/C(=O)c1ccccc1[O-]	O=C([O-])/C(O)=C\C=C/C(=O)c1ccccc1O
79174	2,2',3-trihydroxydiphenyl ether(2−)	79174	2,2',3-trihydroxydiphenyl ether(2−)	27381	2,2',3-trihydroxydiphenyl ether	rules pick another ChEBI entity	[O-]c1ccccc1Oc1cccc(O)c1[O-]	Oc1ccccc1Oc1cccc(O)c1O
79176	aclacinomycin S	78303	aclacinomycin S zwitterion	79176	aclacinomycin S	rules miss the change	CC[C@@]1(O)C[C@H](O[C@H]2C[C@H]([NH+](C)C)[C@H](O[C@H]3C[C@H](O)[C@H](O)[C@H](C)O3)[C@H](C)O2)c2c(cc3c(c2[O-])C(=O)c2c(O)cccc2C3=O)[C@H]1C(=O)OC	CC[C@@]1(O)C[C@H](O[C@H]2C[C@H]([NH+](C)C)[C@H](O[C@H]3C[C@H](O)[C@H](O)[C@H](C)O3)[C@H](C)O2)c2c(cc3c(c2O)C(=O)c2c(O)cccc2C3=O)[C@H]1C(=O)OC
79221	3-sulfinopropionyl-CoA	78349	3-sulfinopropionyl-CoA(5−)	79221	3-sulfinopropionyl-CoA	rules miss the change	CC(C)(COP(=O)([O-])OP(=O)([O-])OC[C@H]1O[C@@H](n2cnc3c(N)ncnc32)[C@H](O)[C@@H]1OP(=O)([O-])[O-])[C@@H](O)C(=O)NCCC(=O)NCCSC(=O)CCS(=O)[O-]	CC(C)(COP(=O)([O-])OP(=O)([O-])OC[C@H]1O[C@@H](n2cnc3c(N)ncnc32)[C@H](O)[C@@H]1OP(=O)([O-])[O-])[C@@H](O)C(=O)NCCC(=O)NCCSC(=O)CCS(=O)O
79222	3-sulfinopropionic acid	137673	3-sulfinatopropionate	79222	3-sulfinopropionic acid	rules miss the change	O=C([O-])CCS(=O)[O-]	O=C([O-])CCS(=O)O
79297	2-deoxy-α-<small>L</small>-fucosylaclacinomycin S	78378	2-deoxy-α-<small>L</small>-fucosylaclacinomycin S zwitterion	79297	2-deoxy-α-<small>L</small>-fucosylaclacinomycin S	rules miss the change	CC[C@@]1(O)C[C@H](O[C@H]2C[C@H]([NH+](C)C)[C@H](O[C@H]3C[C@H](O)[C@H](O[C@H]4C[C@H](O)[C@H](O)[C@H](C)O4)[C@H](C)O3)[C@H](C)O2)c2c(cc3c(c2[O-])C(=O)c2c(O)cccc2C3=O)[C@H]1C(=O)OC	CC[C@@]1(O)C[C@H](O[C@H]2C[C@H]([NH+](C)C)[C@H](O[C@H]3C[C@H](O)[C@H](O[C@H]4C[C@H](O)[C@H](O)[C@H](C)O4)[C@H](C)O3)[C@H](C)O2)c2c(cc3c(c2O)C(=O)c2c(O)cccc2C3=O)[C@H]1C(=O)OC
79383	2-hydroxy-3-carboxy-6-oxo-7-methylocta-2,4-dienoic acid	28977	2-hydroxy-3-carboxylato-6-oxo-7-methylocta-2,4-dienoate	79383	2-hydroxy-3-carboxy-6-oxo-7-methylocta-2,4-dienoic acid	rules miss the change	CC(C)C(=O)/C=C\C(C(=O)[O-])=C(\O)C(=O)[O-]	CC(C)C(=O)/C=C\C(C(=O)[O-])=C(\[O-])C(=O)[O-]
81264	norrubrofusarin	145839	norrubrofusarin(1−)	81264	norrubrofusarin	rules miss the change	Cc1cc(=O)c2c([O-])c3c(O)cc(O)cc3cc2o1	Cc1cc(=O)c2c(O)c3c(O)cc(O)cc3cc2o1
81349	questinol	234006	questinol(1−)	81349	questinol	rules miss the change	COc1cc([O-])cc2c1C(=O)c1c(O)cc(CO)cc1C2=O	COc1cc(O)cc2c1C(=O)c1c(O)cc(CO)cc1C2=O
81544	3-(1-hydroxyethyl)bacteriochlorophyllide <em>a</em>	90791	3-(1-hydroxyethyl)bacteriochlorophyllide <em>a</em>(2−)	81544	3-(1-hydroxyethyl)bacteriochlorophyllide <em>a</em>	rules miss the change	CC[C@H]1C2=Cc3c(C)c4c5[n]3[Mg-2]36[n]7c(c(C)c(C(C)O)c7=CC(=[N+]23)[C@@H]1C)=CC1=[N+]6C(=C5[C-](C(=O)OC)C4=O)[C@@H](CCC(=O)[O-])[C@@H]1C	CC[C@H]1C2=Cc3c(C)c4c5[n]3[Mg-2]36[n]7c(c(C)c(C(C)O)c7=CC(=[N+]23)[C@@H]1C)=CC1=[N+]6C(=C5[C@@H](C(=O)OC)C4=O)[C@@H](CCC(=O)O)[C@@H]1C
81545	3-(1-hydroxyethyl)chlorophyllide <em>a</em>	90792	3-(1-hydroxyethyl)chlorophyllide <em>a</em>(2−)	81545	3-(1-hydroxyethyl)chlorophyllide <em>a</em>	rules miss the change	CCC1=C(C)C2=[N+]3C1=Cc1c(C)c4c5[n]1[Mg-2]31[n]3c(c(C)c(C(C)O)c3=C2)=CC2=[N+]1C(=C5[C-](C(=O)OC)C4=O)[C@@H](CCC(=O)[O-])[C@@H]2C	CCC1=C(C)C2=[N+]3C1=Cc1c(C)c4c5[n]1[Mg-2]31[n]3c(c(C)c(C(C)O)c3=C2)=CC2=[N+]1C(=C5[C@@H](C(=O)OC)C4=O)[C@@H](CCC(=O)O)[C@@H]2C
81546	bacteriochlorophyllide a	90795	bacteriochlorophyllide <em>a</em>(2−)	81546	bacteriochlorophyllide a	rules miss the change	CC[C@H]1C2=Cc3c(C)c4c5[n]3[Mg-2]36[n]7c(c(C)c(C(C)=O)c7=CC(=[N+]23)[C@@H]1C)=CC1=[N+]6C(=C5[C-](C(=O)OC)C4=O)[C@@H](CCC(=O)[O-])[C@@H]1C	CC[C@H]1C2=Cc3c(C)c4c5[n]3[Mg-2]36[n]7c(c(C)c(C(C)=O)c7=CC(=[N+]23)[C@@H]1C)=CC1=[N+]6C(=C5[C@@H](C(=O)OC)C4=O)[C@@H](CCC(=O)O)[C@@H]1C
81548	3-vinylbacteriochlorophyllide <em>d</em>	90963	3-vinylbacteriochlorophyllide <em>d</em>(1−)	81548	3-vinylbacteriochlorophyllide <em>d</em>	rules miss the change	C=Cc1c(C)c2[n]3c1=CC1=[N+]4C(=Cc5c(C)c6c7[n]5[Mg-2]34[N+]3=C(C=2)[C@@H](C)[C@H](CCC(=O)[O-])C3=C7CC6=O)C(CC)=C1C	C=Cc1c(C)c2[n]3c1=CC1=[N+]4C(=Cc5c(C)c6c7[n]5[Mg-2]34[N+]3=C(C=2)[C@@H](C)[C@H](CCC(=O)O)C3=C7CC6=O)C(CC)=C1C
81669	<i>cis</i>,<i>cis</i>-2,4-dihydroxy-5-methyl-6-oxo-2,4-hexadienoic acid	169980	<i>cis</i>,<i>cis</i>-2,4-dihydroxy-5-methyl-6-oxo-2,4-hexadienoate	81669	<i>cis</i>,<i>cis</i>-2,4-dihydroxy-5-methyl-6-oxo-2,4-hexadienoic acid	rules miss the change	C/C(C=O)=C(O)\C=C(/O)C(=O)[O-]	C/C(C=O)=C([O-])\C=C(/O)C(=O)[O-]
81724	diminazene	82614	diminazene(2+)	81724	diminazene	rules miss the change	NC(=[NH2+])c1ccc(N=NNc2ccc(C(N)=[NH2+])cc2)cc1	N=C(N)c1ccc(N=NNc2ccc(C(=N)N)cc2)cc1
81997	Griseophenone C	193065	griseophenone C(1−)	81997	Griseophenone C	rules miss the change	COc1cc([O-])c(C(=O)c2c(C)cc(O)cc2OC)c(O)c1	COc1cc(O)c(C(=O)c2c(C)cc(O)cc2OC)c(O)c1
81998	Griseophenone B	193066	griseophenone B(2−)	81998	Griseophenone B	rules miss the change	COc1cc([O-])c(C(=O)c2c(C)cc(O)cc2OC)c([O-])c1Cl	COc1cc(O)c(C(=O)c2c(C)cc(O)cc2OC)c(O)c1Cl
82582	1,2,3,4-Tetrahydro-alpha,7-dihydroxy-beta-(hydroxymethyl)-9-methoxy-3,4-dioxocyclopenta[c][1]benzopyran-6-propanal	233588	aflatoxin B<small><sub>1</sub></small> <em>C</em><small><sup>8</small></sup>-monoaldehyde(1−)	82582	1,2,3,4-Tetrahydro-alpha,7-dihydroxy-beta-(hydroxymethyl)-9-methoxy-3,4-dioxocyclopenta[c][1]benzopyran-6-propanal	rules miss the change	COc1cc([O-])c(C(CO)C(O)C=O)c2oc(=O)c3c(c12)CCC3=O	COc1cc(O)c(C(CO)C(O)C=O)c2oc(=O)c3c(c12)CCC3=O
82583	alpha-(1,2-Dihydroxyethyl)-1,2,3,4-tetrahydro-7-hydroxy-9-methoxy-3,4-dioxocyclopenta[c][1]benzopyran-6-acetaldehyde	233587	aflatoxin B<small><sub>1</sub></small> <em>C</em><small><sup>6a</small></sup>-monoaldehyde(1−)	82583	alpha-(1,2-Dihydroxyethyl)-1,2,3,4-tetrahydro-7-hydroxy-9-methoxy-3,4-dioxocyclopenta[c][1]benzopyran-6-acetaldehyde	rules miss the change	COc1cc([O-])c(C(C=O)C(O)CO)c2oc(=O)c3c(c12)CCC3=O	COc1cc(O)c(C(C=O)C(O)CO)c2oc(=O)c3c(c12)CCC3=O
82610	6-linalyl-2-<em>O</em>,3-dimethylflaviolin	78588	6-linalyl-2-<em>O</em>,3-dimethylflaviolin-7-olate	82610	6-linalyl-2-<em>O</em>,3-dimethylflaviolin	rules miss the change	C=CC(C)(CCC=C(C)C)c1c([O-])cc2c(c1O)C(=O)C(C)=C(OC)C2=O	C=CC(C)(CCC=C(C)C)c1c(O)cc2c(c1O)C(=O)C(C)=C(OC)C2=O
82611	2-<em>O</em>,3-dimethylflaviolin	78589	2-<em>O</em>,3-dimethylflaviolin-7-olate	82611	2-<em>O</em>,3-dimethylflaviolin	rules miss the change	COC1=C(C)C(=O)c2c(O)cc([O-])cc2C1=O	COC1=C(C)C(=O)c2c(O)cc(O)cc2C1=O
82614	diminazene(2+)	82614	diminazene(2+)	81724	diminazene	rules pick another ChEBI entity	NC(=[NH2+])c1ccc(N=NNc2ccc(C(N)=[NH2+])cc2)cc1	N=C(N)c1ccc(N=NNc2ccc(C(=N)N)cc2)cc1
82768	caldopentamine(5+)	82769	caldopentamine(4+)	82768	caldopentamine(5+)	rules miss the change	NCCC[NH2+]CCC[NH2+]CCC[NH2+]CCC[NH3+]	[NH3+]CCC[NH2+]CCC[NH2+]CCC[NH2+]CCC[NH3+]
82769	caldopentamine(4+)	82769	caldopentamine(4+)	82768	caldopentamine(5+)	rules pick another ChEBI entity	NCCC[NH2+]CCC[NH2+]CCC[NH2+]CCC[NH3+]	[NH3+]CCC[NH2+]CCC[NH2+]CCC[NH2+]CCC[NH3+]
83546	caldopentamine	82769	caldopentamine(4+)	82768	caldopentamine(5+)	rules pick another ChEBI entity	NCCC[NH2+]CCC[NH2+]CCC[NH2+]CCC[NH3+]	[NH3+]CCC[NH2+]CCC[NH2+]CCC[NH2+]CCC[NH3+]
83661	lysidine monophosphate	83662	lysidine monophosphate(1−)	83661	lysidine monophosphate	rules miss the change	N=c1ccn([C@@H]2O[C@H](COP(=O)([O-])[O-])[C@@H](O)[C@H]2O)c(NCCCC[C@H]([NH3+])C(=O)[O-])[nH+]1	N=c1ccn([C@@H]2O[C@H](COP(=O)([O-])[O-])[C@@H](O)[C@H]2O)c(NCCCC[C@H]([NH3+])C(=O)[O-])n1
84345	methyl nogalonate(1−)	84345	methyl nogalonate(1−)	85142	methyl nogalonate	rules pick another ChEBI entity	COC(=O)Cc1cc2c(c(O)c1C(=O)CC(C)=O)C(=O)c1c([O-])cccc1C2=O	COC(=O)Cc1cc2c(c(O)c1C(=O)CC(C)=O)C(=O)c1c(O)cccc1C2=O
84571	rifamycin SV(1−)	84571	rifamycin SV(1−)	29673	rifamycin SV	rules pick another ChEBI entity	CO[C@H]1/C=C/O[C@@]2(C)Oc3c(C)c([O-])c4c(O)c(cc(O)c4c3C2=O)NC(=O)/C(C)=C\C=C\[C@H](C)[C@H](O)[C@@H](C)[C@@H](O)[C@@H](C)[C@H](OC(C)=O)[C@@H]1C	CO[C@H]1/C=C/O[C@@]2(C)Oc3c(C)c(O)c4c(O)c(cc(O)c4c3C2=O)NC(=O)/C(C)=C\C=C\[C@H](C)[C@H](O)[C@@H](C)[C@@H](O)[C@@H](C)[C@H](OC(C)=O)[C@@H]1C
84572	27-<em>O</em>-demethylrifamycin SV(1−)	84572	27-<em>O</em>-demethylrifamycin SV(1−)	34311	27-<em>O</em>-demethylrifamycin SV	rules pick another ChEBI entity	CC(=O)O[C@H]1[C@H](C)[C@H](O)[C@H](C)[C@@H](O)[C@@H](C)/C=C/C=C(/C)C(=O)Nc2cc(O)c3c4c(c(C)c([O-])c3c2O)O[C@](C)(O/C=C/[C@H](O)[C@H]1C)C4=O	CC(=O)O[C@H]1[C@H](C)[C@H](O)[C@H](C)[C@@H](O)[C@@H](C)/C=C/C=C(/C)C(=O)Nc2cc(O)c3c4c(c(C)c(O)c3c2O)O[C@](C)(O/C=C/[C@H](O)[C@H]1C)C4=O
84591	7-demethylmitomycin B(1−)	84952	7-demethylmitomycin B(2−)	84591	7-demethylmitomycin B(1−)	rules miss the change	CC1=C([O-])C(=O)C2=C(C1=O)N1C[C@H]3[C@H](N3C)[C@]1(O)[C-]2COC(N)=O	CC1=C([O-])C(=O)C2=C(C1=O)N1C[C@H]3[C@H]([NH+]3C)[C@]1(O)C2COC(N)=O
84592	7-demethylmitomycin A(1−)	84955	7-demethylmitomycin A(2−)	84592	7-demethylmitomycin A(1−)	rules miss the change	CO[C@@]12[C-](COC(N)=O)C3=C(C(=O)C(C)=C([O-])C3=O)N1C[C@@H]1N[C@@H]12	CO[C@@]12C(COC(N)=O)C3=C(C(=O)C(C)=C([O-])C3=O)N1C[C@@H]1[NH2+][C@@H]12
85142	methyl nogalonate	84345	methyl nogalonate(1−)	85142	methyl nogalonate	rules miss the change	COC(=O)Cc1cc2c(c(O)c1C(=O)CC(C)=O)C(=O)c1c([O-])cccc1C2=O	COC(=O)Cc1cc2c(c(O)c1C(=O)CC(C)=O)C(=O)c1c(O)cccc1C2=O
85412	mitomycin A	84589	mitomycin A(1−)	85412	mitomycin A	rules miss the change	COC1=C(C)C(=O)C2=C(C1=O)[C-](COC(N)=O)[C@@]1(OC)[C@H]3N[C@H]3CN21	COC1=C(C)C(=O)C2=C(C1=O)[C@@H](COC(N)=O)[C@@]1(OC)[C@H]3[NH2+][C@H]3CN21
85416	mitomycin B	84590	mitomycin B(1−)	85416	mitomycin B	rules miss the change	COC1=C(C)C(=O)C2=C(C1=O)[C-](COC(N)=O)[C@@]1(O)[C@@H]3[C@H](CN21)N3C	COC1=C(C)C(=O)C2=C(C1=O)[C@H](COC(N)=O)[C@@]1(O)[C@@H]3[C@H](CN21)[NH+]3C
85418	7-demethylmitomycin B	84952	7-demethylmitomycin B(2−)	85418	7-demethylmitomycin B	rules miss the change	CC1=C([O-])C(=O)C2=C(C1=O)N1C[C@H]3[C@H](N3C)[C@]1(O)[C-]2COC(N)=O	CC1=C([O-])C(=O)C2=C(C1=O)N1C[C@H]3[C@H]([NH+]3C)[C@]1(O)[C@H]2COC(N)=O
85419	7-demethylmitomycin A	84955	7-demethylmitomycin A(2−)	85419	7-demethylmitomycin A	rules miss the change	CO[C@@]12[C-](COC(N)=O)C3=C(C(=O)C(C)=C([O-])C3=O)N1C[C@@H]1N[C@@H]12	CO[C@@]12[C@H](COC(N)=O)C3=C(C(=O)C(C)=C([O-])C3=O)N1C[C@@H]1[NH2+][C@@H]12
85512	5-amino-5-(4-hydroxybenzyl)-6-(<small>D</small>-ribitylimino)-5,6-dihydrouracil(1+)	85936	5-amino-5-(4-hydroxybenzyl)-6-(<small>D</small>-ribitylimino)-5,6-dihydrouracil	85512	5-amino-5-(4-hydroxybenzyl)-6-(<small>D</small>-ribitylimino)-5,6-dihydrouracil(1+)	rules miss the change	NC1(Cc2ccc(O)cc2)C(=O)NC(=O)N/C1=N/C[C@H](O)[C@H](O)[C@H](O)CO	[NH3+]C1(Cc2ccc(O)cc2)C(=O)NC(=O)N/C1=N/C[C@H](O)[C@H](O)[C@H](O)CO
85904	glutathione <em>S</em>-sulfinate	85586	glutathione <em>S</em>-sulfinate(2−)	85904	glutathione <em>S</em>-sulfinate	rules miss the change	[NH3+][C@@H](CCC(=O)N[C@@H](CSS(=O)[O-])C(=O)NCC(=O)[O-])C(=O)[O-]	[NH3+][C@@H](CCC(=O)N[C@@H](CSS(=O)O)C(=O)NCC(=O)[O-])C(=O)[O-]
85905	cobalt(II)-factor IV	85471	cobalt(II)-factor IV(6−)	85905	cobalt(II)-factor IV	rules miss the change	CC1OC(=O)C[C@@]2(C)[C@H](CCC(=O)[O-])C3=CC4=[N+]5C(=CC6=[N+]7C(=CC8=[N+]9C(=C(CC(=O)[O-])[C@@]8(C)CCC(=O)[O-])C12[N]3[Co-2]795)C(CCC(=O)[O-])=C6CC(=O)[O-])[C@@H](CCC(=O)[O-])[C@]4(C)CC(=O)[O-]	CC1OC(=O)C[C@@]2(C)[C@H](CCC(=O)O)C3=CC4=[N+]5C(=CC6=[N+]7C(=CC8=[N+]9C(=C(CC(=O)O)[C@@]8(C)CCC(=O)O)C12[N]3[Co-2]795)C(CCC(=O)O)=C6CC(=O)O)[C@@H](CCC(=O)O)[C@]4(C)CC(=O)O
85913	2,4-dihydroxy-5-methyl-6-oxo-2,4-hexadienoic acid	85578	2,4-dihydroxy-5-methyl-6-oxo-2,4-hexadienoate	85913	2,4-dihydroxy-5-methyl-6-oxo-2,4-hexadienoic acid	rules miss the change	CC(C=O)=C(O)C=C(O)C(=O)[O-]	CC(C=O)=C([O-])C=C(O)C(=O)[O-]
85936	5-amino-5-(4-hydroxybenzyl)-6-(<small>D</small>-ribitylimino)-5,6-dihydrouracil	85936	5-amino-5-(4-hydroxybenzyl)-6-(<small>D</small>-ribitylimino)-5,6-dihydrouracil	85512	5-amino-5-(4-hydroxybenzyl)-6-(<small>D</small>-ribitylimino)-5,6-dihydrouracil(1+)	rules pick another ChEBI entity	NC1(Cc2ccc(O)cc2)C(=O)NC(=O)N/C1=N/C[C@H](O)[C@H](O)[C@H](O)CO	[NH3+]C1(Cc2ccc(O)cc2)C(=O)NC(=O)N/C1=N/C[C@H](O)[C@H](O)[C@H](O)CO
86380	amorolfine(1+)	86380	amorolfine(1+)	599440	amorolfine	rules pick another ChEBI entity	CCC(C)(C)c1ccc(CC(C)C[NH+]2C[C@@H](C)O[C@@H](C)C2)cc1	CCC(C)(C)c1ccc(CC(C)CN2C[C@@H](C)O[C@@H](C)C2)cc1
87074	5-(hydroxyimino)-6-oxo-5,6-dihydronaphthalene-2-sulfonic acid	87076	5-(oxidoimino)-6-oxo-5,6-dihydronaphthalene-2-sulfonate	87074	5-(hydroxyimino)-6-oxo-5,6-dihydronaphthalene-2-sulfonic acid	rules miss the change	O=C1C=Cc2cc(S(=O)(=O)[O-])ccc2C1=N[O-]	O=C1C=Cc2cc(S(=O)(=O)[O-])ccc2C1=NO
87117	erythrosin	87118	erythrosin(2−)	87117	erythrosin	rules miss the change	O=C1C(I)=CC2=C(c3ccccc3C(=O)[O-])C3C=C(I)C([O-])=C(I)C3OC2=C1I	O=C1C(I)=CC2=C(c3ccccc3C(=O)[O-])C3C=C(I)C(O)=C(I)C3OC2=C1I
87351	acridine red 3B(1+)	87351	acridine red 3B(1+)	90408	acridine red 3B free base	rules pick another ChEBI entity	CNc1ccc2cc3cc/c(=[NH+]\C)cc-3oc2c1	C/N=c1\ccc2cc3ccc(NC)cc3oc-2c1
87462	propamidine	87463	propamidine(2+)	87462	propamidine	rules miss the change	NC(=[NH2+])c1ccc(OCCCOc2ccc(C(N)=[NH2+])cc2)cc1	N=C(N)c1ccc(OCCCOc2ccc(C(=N)N)cc2)cc1
87463	propamidine(2+)	87463	propamidine(2+)	87462	propamidine	rules pick another ChEBI entity	NC(=[NH2+])c1ccc(OCCCOc2ccc(C(N)=[NH2+])cc2)cc1	N=C(N)c1ccc(OCCCOc2ccc(C(=N)N)cc2)cc1
87485	auramine O(1+)	87485	auramine O(1+)	51874	auramine O free base	rules pick another ChEBI entity	CN(C)c1ccc(C(=[NH2+])c2ccc(N(C)C)cc2)cc1	CN(C)c1ccc(C(=N)c2ccc(N(C)C)cc2)cc1
87664	pararosaniline(1+)	87664	pararosaniline(1+)	75372	pararosaniline free base	rules pick another ChEBI entity	Nc1ccc(C(=C2C=CC(=[NH2+])C=C2)c2ccc(N)cc2)cc1	N=C1C=CC(=C(c2ccc(N)cc2)c2ccc(N)cc2)C=C1
87666	rosanilin free base	87667	rosanilin(1+)	87666	rosanilin free base	rules miss the change	Cc1cc(C(=C2C=CC(=[NH2+])C=C2)c2ccc(N)cc2)ccc1N	Cc1cc(C(=C2C=CC(=N)C=C2)c2ccc(N)cc2)ccc1N
87667	rosanilin(1+)	87667	rosanilin(1+)	87666	rosanilin free base	rules pick another ChEBI entity	Cc1cc(C(=C2C=CC(=[NH2+])C=C2)c2ccc(N)cc2)ccc1N	Cc1cc(C(=C2C=CC(=N)C=C2)c2ccc(N)cc2)ccc1N
87672	new fuchsin free base	87674	new fuchsin(1+)	87672	new fuchsin free base	rules miss the change	CC1=CC(=C(c2ccc(N)c(C)c2)c2ccc(N)c(C)c2)C=CC1=[NH2+]	CC1=CC(=C(c2ccc(N)c(C)c2)c2ccc(N)c(C)c2)C=CC1=N
87674	new fuchsin(1+)	87674	new fuchsin(1+)	87672	new fuchsin free base	rules pick another ChEBI entity	CC1=CC(=C(c2ccc(N)c(C)c2)c2ccc(N)c(C)c2)C=CC1=[NH2+]	CC1=CC(=C(c2ccc(N)c(C)c2)c2ccc(N)c(C)c2)C=CC1=N
87724	(<i>S</i>)-prasugrel	87724	(<i>S</i>)-prasugrel	87726	(<i>S</i>)-prasugrel(1+)	rules pick another ChEBI entity	CC(=O)Oc1cc2c(s1)CCN([C@H](C(=O)C1CC1)c1ccccc1F)C2	CC(=O)Oc1cc2c(s1)CC[NH+]([C@H](C(=O)C1CC1)c1ccccc1F)C2
87725	(<i>R</i>)-prasugrel	87725	(<i>R</i>)-prasugrel	87727	(<i>R</i>)-prasugrel(1+)	rules pick another ChEBI entity	CC(=O)Oc1cc2c(s1)CCN([C@@H](C(=O)C1CC1)c1ccccc1F)C2	CC(=O)Oc1cc2c(s1)CC[NH+]([C@@H](C(=O)C1CC1)c1ccccc1F)C2
87726	(<i>S</i>)-prasugrel(1+)	87724	(<i>S</i>)-prasugrel	87726	(<i>S</i>)-prasugrel(1+)	rules miss the change	CC(=O)Oc1cc2c(s1)CCN([C@H](C(=O)C1CC1)c1ccccc1F)C2	CC(=O)Oc1cc2c(s1)CC[NH+]([C@H](C(=O)C1CC1)c1ccccc1F)C2
87727	(<i>R</i>)-prasugrel(1+)	87725	(<i>R</i>)-prasugrel	87727	(<i>R</i>)-prasugrel(1+)	rules miss the change	CC(=O)Oc1cc2c(s1)CCN([C@@H](C(=O)C1CC1)c1ccccc1F)C2	CC(=O)Oc1cc2c(s1)CC[NH+]([C@@H](C(=O)C1CC1)c1ccccc1F)C2
87737	(<i>R</i>)-warfarin	87743	(<i>R</i>)-warfarin(1−)	87737	(<i>R</i>)-warfarin	rules miss the change	CC(=O)C[C@H](c1ccccc1)c1c([O-])c2ccccc2oc1=O	CC(=O)C[C@H](c1ccccc1)c1c(O)c2ccccc2oc1=O
87738	(<i>S</i>)-warfarin	87744	(<i>S</i>)-warfarin(1−)	87738	(<i>S</i>)-warfarin	rules miss the change	CC(=O)C[C@@H](c1ccccc1)c1c([O-])c2ccccc2oc1=O	CC(=O)C[C@@H](c1ccccc1)c1c(O)c2ccccc2oc1=O
87743	(<i>R</i>)-warfarin(1−)	87743	(<i>R</i>)-warfarin(1−)	87737	(<i>R</i>)-warfarin	rules pick another ChEBI entity	CC(=O)C[C@H](c1ccccc1)c1c([O-])c2ccccc2oc1=O	CC(=O)C[C@H](c1ccccc1)c1c(O)c2ccccc2oc1=O
87744	(<i>S</i>)-warfarin(1−)	87744	(<i>S</i>)-warfarin(1−)	87738	(<i>S</i>)-warfarin	rules pick another ChEBI entity	CC(=O)C[C@@H](c1ccccc1)c1c([O-])c2ccccc2oc1=O	CC(=O)C[C@@H](c1ccccc1)c1c(O)c2ccccc2oc1=O
88149	(<i>S</i>)-4-hydroxy-1-pyrroline-2-carboxylic acid	87834	(<i>S</i>)-4-hydroxy-1-pyrroline-2-carboxylate	88149	(<i>S</i>)-4-hydroxy-1-pyrroline-2-carboxylic acid	rules miss the change	O=C([O-])C1=NC[C@@H](O)C1	O=C([O-])C1=[NH+]C[C@@H](O)C1
88870	2'-Hydroxyacetanilide	143107	2-acetamidophenol	88870	2'-Hydroxyacetanilide	rules miss the change	CC(=O)Nc1ccccc1O	CC(O)=Nc1ccccc1O
90001	cystathionine ketimine	233695	(<i>R</i>)-cystathionine ketimine(2−)	90001	cystathionine ketimine	rules miss the change	O=C([O-])C1=N[C@@H](C(=O)[O-])CCSC1	O=C([O-])C1=[NH+][C@@H](C(=O)[O-])CCSC1
90099	carboxyphosphoric acid	86994	carboxyphosphate(2−)	90099	carboxyphosphoric acid	rules miss the change	O=C([O-])OP(=O)([O-])O	O=C([O-])OP(=O)([O-])[O-]
90110	Methyl violet 2B free base	90111	Methyl violet 2B(1+)	90110	Methyl violet 2B free base	rules miss the change	CN(C)c1ccc(C(=C2C=CC(=[NH2+])C=C2)c2ccc(N(C)C)cc2)cc1	CN(C)c1ccc(C(=C2C=CC(=N)C=C2)c2ccc(N(C)C)cc2)cc1
90111	Methyl violet 2B(1+)	90111	Methyl violet 2B(1+)	90110	Methyl violet 2B free base	rules pick another ChEBI entity	CN(C)c1ccc(C(=C2C=CC(=[NH2+])C=C2)c2ccc(N(C)C)cc2)cc1	CN(C)c1ccc(C(=C2C=CC(=N)C=C2)c2ccc(N(C)C)cc2)cc1
90215	Luxol fast blue MBS (acid form)	90214	Luxol fast blue MBS(2−)	90215	Luxol fast blue MBS (acid form)	rules miss the change	O=S(=O)([O-])c1cccc2c1C1=Nc3c4ccccc4c4[n]3[Cu-2]35[n]6c(c7ccccc7c6=NC6=[N+]3C(=N4)c3cccc(S(=O)(=O)[O-])c36)=NC2=[N+]15	O=S(=O)(O)c1cccc2c1C1=Nc3c4ccccc4c4[n]3[Cu-2]35[n]6c(c7ccccc7c6=NC6=[N+]3C(=N4)c3cccc(S(=O)(=O)O)c36)=NC2=[N+]15
90221	2,7-dibromo-4-hydroxymercurifluorescein	90220	2,7-dibromo-4-hydroxymercurifluorescein(2−)	90221	2,7-dibromo-4-hydroxymercurifluorescein	rules miss the change	O=C([O-])c1ccccc1-c1c2cc(Br)c(=O)cc-2oc2[c]([Hg][OH])c([O-])c(Br)cc12	O=C(O)c1ccccc1-c1c2cc(Br)c(=O)cc-2oc2[c]([Hg][OH])c(O)c(Br)cc12
90397	1-(3,5-dichloro-2,6-dihydroxy-4-methoxyphenyl)hexan-1-one(1−)	90397	1-(3,5-dichloro-2,6-dihydroxy-4-methoxyphenyl)hexan-1-one(1−)	64598	1-(3,5-dichloro-2,6-dihydroxy-4-methoxyphenyl)hexan-1-one	rules pick another ChEBI entity	CCCCCC(=O)c1c([O-])c(Cl)c(OC)c(Cl)c1O	CCCCCC(=O)c1c(O)c(Cl)c(OC)c(Cl)c1O
90408	acridine red 3B free base	87351	acridine red 3B(1+)	90408	acridine red 3B free base	rules miss the change	CNc1ccc2cc3cc/c(=[NH+]\C)cc-3oc2c1	C/N=c1\ccc2cc3ccc(NC)cc3oc-2c1
90784	aurachin B(1−)	90784	aurachin B(1−)	131528	aurachin B	rules pick another ChEBI entity	CC(C)=CCC/C(C)=C/CC/C(C)=C/Cc1c([O-])c(C)[n+]([O-])c2ccccc12	CC(C)=CCC/C(C)=C/CC/C(C)=C/Cc1c(O)c(C)[n+]([O-])c2ccccc12
91128	3-acetylchlorophyllide <em>a</em>	90794	3-acetylchlorophyllide <em>a</em>(2−)	91128	3-acetylchlorophyllide <em>a</em>	rules miss the change	CCC1=C(C)C2=[N+]3C1=Cc1c(C)c4c5[n]1[Mg-2]31[n]3c(c(C)c(C(C)=O)c3=C2)=CC2=[N+]1C(=C5[C-](C(=O)OC)C4=O)[C@@H](CCC(=O)[O-])[C@@H]2C	CCC1=C(C)C2=[N+]3C1=Cc1c(C)c4c5[n]1[Mg-2]31[n]3c(c(C)c(C(C)=O)c3=C2)=CC2=[N+]1C(=C5[C@@H](C(=O)OC)C4=O)[C@@H](CCC(=O)O)[C@@H]2C
91131	geranylgeranyl bacteriochlorophyllide <em>a</em>	90849	geranylgeranyl bacteriochlorophyllide <em>a</em>(1−)	91131	geranylgeranyl bacteriochlorophyllide <em>a</em>	rules miss the change	CC[C@H]1C2=Cc3c(C)c4c5[n]3[Mg-2]36[n]7c(c(C)c(C(C)=O)c7=CC(=[N+]23)[C@@H]1C)=CC1=[N+]6C(=C5[C-](C(=O)OC)C4=O)[C@@H](CCC(=O)OC/C=C(\C)CC/C=C(\C)CC/C=C(\C)CCC=C(C)C)[C@@H]1C	CC[C@H]1C2=Cc3c(C)c4c5[n]3[Mg-2]36[n]7c(c(C)c(C(C)=O)c7=CC(=[N+]23)[C@@H]1C)=CC1=[N+]6C(=C5[C@@H](C(=O)OC)C4=O)[C@@H](CCC(=O)OC/C=C(\C)CC/C=C(\C)CC/C=C(\C)CCC=C(C)C)[C@@H]1C
91291	bacteriochlorophyllide <em>g</em>	90857	bacteriochlorophyllide <em>g</em>(2−)	91291	bacteriochlorophyllide <em>g</em>	rules miss the change	C=Cc1c(C)c2[n]3c1=CC1=[N+]4C(=Cc5c(C)c6c7[n]5[Mg-2]34[N+]3=C(C=2)[C@@H](C)[C@H](CCC(=O)[O-])C3=C7[C-](C(=O)OC)C6=O)/C(=C\C)[C@H]1C	C=Cc1c(C)c2[n]3c1=CC1=[N+]4C(=Cc5c(C)c6c7[n]5[Mg-2]34[N+]3=C(C=2)[C@@H](C)[C@H](CCC(=O)O)C3=C7[C@@H](C(=O)OC)C6=O)/C(=C\C)[C@H]1C
92386	xylazine	92386	xylazine	149565	xylazine(1+)	rules pick another ChEBI entity	Cc1cccc(C)c1NC1=NCCCS1	Cc1cccc(C)c1NC1=[NH+]CCCS1
102166	thiopental	61485	thiopental(1−)	102166	thiopental	rules miss the change	CCCC(C)C1(CC)C(=O)N=C([S-])NC1=O	CCCC(C)C1(CC)C(=O)NC(=S)NC1=O
131528	aurachin B	90784	aurachin B(1−)	131528	aurachin B	rules miss the change	CC(C)=CCC/C(C)=C/CC/C(C)=C/Cc1c([O-])c(C)[n+]([O-])c2ccccc12	CC(C)=CCC/C(C)=C/CC/C(C)=C/Cc1c(O)c(C)[n+]([O-])c2ccccc12
131582	8,12-diethyl-3-vinylbacteriochlorophyllide <em>d</em>	90964	8,12-diethyl-3-vinylbacteriochlorophyllide <em>d</em>(1−)	131582	8,12-diethyl-3-vinylbacteriochlorophyllide <em>d</em>	rules miss the change	C=Cc1c(C)c2[n]3c1=CC1=[N+]4C(=Cc5c(CC)c6c7[n]5[Mg-2]34[N+]3=C(C=2)[C@@H](C)[C@H](CCC(=O)[O-])C3=C7CC6=O)C(CC)=C1C	C=Cc1c(C)c2[n]3c1=CC1=[N+]4C(=Cc5c(CC)c6c7[n]5[Mg-2]34[N+]3=C(C=2)[C@@H](C)[C@H](CCC(=O)O)C3=C7CC6=O)C(CC)=C1C
131587	12-ethyl-8-propyl-3-vinylbacteriochlorophyllide <em>d</em>	90966	12-ethyl-8-propyl-3-vinylbacteriochlorophyllide <em>d</em>(1−)	131587	12-ethyl-8-propyl-3-vinylbacteriochlorophyllide <em>d</em>	rules miss the change	C=Cc1c(C)c2[n]3c1=CC1=[N+]4C(=Cc5c(CC)c6c7[n]5[Mg-2]34[N+]3=C(C=2)[C@@H](C)[C@H](CCC(=O)[O-])C3=C7CC6=O)C(CCC)=C1C	C=Cc1c(C)c2[n]3c1=CC1=[N+]4C(=Cc5c(CC)c6c7[n]5[Mg-2]34[N+]3=C(C=2)[C@@H](C)[C@H](CCC(=O)O)C3=C7CC6=O)C(CCC)=C1C
131588	12-ethyl-8-isobutyl-3-vinylbacteriochlorophyllide <em>d</em>	90967	12-ethyl-8-isobutyl-3-vinylbacteriochlorophyllide <em>d</em>(1−)	131588	12-ethyl-8-isobutyl-3-vinylbacteriochlorophyllide <em>d</em>	rules miss the change	C=Cc1c(C)c2[n]3c1=CC1=[N+]4C(=Cc5c(CC)c6c7[n]5[Mg-2]34[N+]3=C(C=2)[C@@H](C)[C@H](CCC(=O)[O-])C3=C7CC6=O)C(CC(C)C)=C1C	C=Cc1c(C)c2[n]3c1=CC1=[N+]4C(=Cc5c(CC)c6c7[n]5[Mg-2]34[N+]3=C(C=2)[C@@H](C)[C@H](CCC(=O)O)C3=C7CC6=O)C(CC(C)C)=C1C
131966	(2<i>Z</i>,4<i>S</i>,5<i>R</i>)-2-amino-4,5,6-trihydroxyhex-2-enoic acid	131706	(2<i>Z</i>,4<i>S</i>,5<i>R</i>)-2-amino-4,5,6-trihydroxyhex-2-enoic acid zwitterion	131966	(2<i>Z</i>,4<i>S</i>,5<i>R</i>)-2-amino-4,5,6-trihydroxyhex-2-enoic acid	rules miss the change	[NH3+]/C(=C\[C@H](O)[C@H](O)CO)C(=O)[O-]	N/C(=C\[C@H](O)[C@H](O)CO)C(=O)[O-]
132232	ethylenediaminetriacetic acid	131921	ethylenediaminetriacetate(2−)	132232	ethylenediaminetriacetic acid	rules miss the change	O=C([O-])CNCC[NH+](CC(=O)[O-])CC(=O)[O-]	O=C([O-])C[NH2+]CCN(CC(=O)[O-])CC(=O)[O-]
132253	12,18-didecarboxysirohaem	140497	12,18-didecarboxysiroheme(6−)	132253	12,18-didecarboxysirohaem	rules miss the change	CC1=C(CCC(=O)[O-])C2=Cc3c(CCC(=O)[O-])c(C)c4[n]3[Fe-2]35[N]6C(=CC1=[N+]23)[C@@H](CCC(=O)[O-])[C@](C)(CC(=O)[O-])C6=CC1=[N+]5C(=C4)[C@@](C)(CC(=O)[O-])[C@@H]1CCC(=O)[O-]	CC1=C(CCC(=O)O)C2=Cc3c(CCC(=O)O)c(C)c4[n]3[Fe-2]35[N]6C(=CC1=[N+]23)[C@@H](CCC(=O)O)[C@](C)(CC(=O)O)C6=CC1=[N+]5C(=C4)[C@@](C)(CC(=O)O)[C@@H]1CCC(=O)O
133542	4-hydroxychlorothalonil	156267	4-hydroxychlorothalonil(1−)	133542	4-hydroxychlorothalonil	rules miss the change	N#Cc1c([O-])c(Cl)c(Cl)c(C#N)c1Cl	N#Cc1c(O)c(Cl)c(Cl)c(C#N)c1Cl
133603	methanesulfinate	133603	methanesulfinate	133897	methanesulfinic acid	rules pick another ChEBI entity	CS(=O)[O-]	CS(=O)O
133760	aurasperone A	146001	aurasperone A(2−)	133760	aurasperone A	rules miss the change	COc1cc(OC)c2c([O-])c3c(=O)cc(C)oc3c(-c3c(OC)cc4cc5oc(C)cc(=O)c5c([O-])c4c3OC)c2c1	COc1cc(OC)c2c(O)c3c(=O)cc(C)oc3c(-c3c(OC)cc4cc5oc(C)cc(=O)c5c(O)c4c3OC)c2c1
133897	methanesulfinic acid	133603	methanesulfinate	133897	methanesulfinic acid	rules miss the change	CS(=O)[O-]	CS(=O)O
134289	xanthohumol(1−)	134289	xanthohumol(1−)	66331	xanthohumol	rules pick another ChEBI entity	COc1cc(O)c(CC=C(C)C)c([O-])c1C(=O)/C=C/c1ccc(O)cc1	COc1cc(O)c(CC=C(C)C)c(O)c1C(=O)/C=C/c1ccc(O)cc1
134302	desmethylxanthohumol(1−)	134302	desmethylxanthohumol(1−)	80489	desmethylxanthohumol	rules pick another ChEBI entity	CC(C)=CCc1c(O)cc(O)c(C(=O)/C=C/c2ccc(O)cc2)c1[O-]	CC(C)=CCc1c(O)cc(O)c(C(=O)/C=C/c2ccc(O)cc2)c1O
134308	xanthogalenol(1−)	134308	xanthogalenol(1−)	136826	xanthogalenol	rules pick another ChEBI entity	COc1cc(O)c(C(=O)/C=C/c2ccc(O)cc2)c([O-])c1CC=C(C)C	COc1cc(O)c(C(=O)/C=C/c2ccc(O)cc2)c(O)c1CC=C(C)C
134309	4'-<em>O</em>-methylxanthohumol(1−)	134309	4'-<em>O</em>-methylxanthohumol(1−)	136828	4'-<em>O</em>-methylxanthohumol	rules pick another ChEBI entity	COc1cc(OC)c(C(=O)/C=C/c2ccc(O)cc2)c([O-])c1CC=C(C)C	COc1cc(OC)c(C(=O)/C=C/c2ccc(O)cc2)c(O)c1CC=C(C)C
134391	3,4,6-trichlorocatechol(1−)	134391	3,4,6-trichlorocatechol(1−)	32971	3,4,6-trichlorocatechol	rules pick another ChEBI entity	[O-]c1c(O)c(Cl)cc(Cl)c1Cl	Oc1c(Cl)cc(Cl)c(Cl)c1O
136675	(<i>S</i>)-(1-aminoethyl)phosphonic acid	134098	(<i>S</i>)-(1-aminoethyl)phosphonate	136675	(<i>S</i>)-(1-aminoethyl)phosphonic acid	rules miss the change	C[C@@H]([NH3+])P(=O)([O-])[O-]	C[C@@H]([NH3+])P(=O)([O-])O
136826	xanthogalenol	134308	xanthogalenol(1−)	136826	xanthogalenol	rules miss the change	COc1cc(O)c(C(=O)/C=C/c2ccc(O)cc2)c([O-])c1CC=C(C)C	COc1cc(O)c(C(=O)/C=C/c2ccc(O)cc2)c(O)c1CC=C(C)C
136828	4'-<em>O</em>-methylxanthohumol	134309	4'-<em>O</em>-methylxanthohumol(1−)	136828	4'-<em>O</em>-methylxanthohumol	rules miss the change	COc1cc(OC)c(C(=O)/C=C/c2ccc(O)cc2)c([O-])c1CC=C(C)C	COc1cc(OC)c(C(=O)/C=C/c2ccc(O)cc2)c(O)c1CC=C(C)C
136842	tenuazonic acid(1−)	136842	tenuazonic acid(1−)	9440	tenuazonic acid	rules pick another ChEBI entity	CC[C@H](C)[C@@H]1NC(=O)[C-](C(C)=O)C1=O	CC[C@H](C)[C@@H]1NC(=O)C(C(C)=O)C1=O
136987	<em>N</em>-[(2<i>S</i>)-2-amino-2-carboxyethyl]-<small>L</small>-glutamic acid	134610	<em>N</em>-[(2<i>S</i>)-2-amino-2-carboxyethyl]-<small>L</small>-glutamate(2−)	136987	<em>N</em>-[(2<i>S</i>)-2-amino-2-carboxyethyl]-<small>L</small>-glutamic acid	rules miss the change	N[C@@H](C[NH2+][C@@H](CCC(=O)[O-])C(=O)[O-])C(=O)[O-]	[NH3+][C@@H](CN[C@@H](CCC(=O)[O-])C(=O)[O-])C(=O)[O-]
137399	Ni(II)-pyridinium-3,5-bisthiocarboxylic acid mononucleotide	137373	Ni(II)-pyridinium-3,5-bisthiocarboxylate mononucleotide(1−)	137399	Ni(II)-pyridinium-3,5-bisthiocarboxylic acid mononucleotide	rules miss the change	O=C1[S][Ni-]2[S+]=C(O)c3c[n+]([C@@H]4O[C@H](COP(=O)([O-])[O-])[C@@H](O)[C@H]4O)cc1[c]32	O=C1[S][Ni-]2[S+]=C(O)c3c[n+]([C@@H]4O[C@H](COP(=O)(O)O)[C@@H](O)[C@H]4O)cc1[c]32
137678	nickel-sirohydrochlorin	136841	nickel-sirohydrochlorin(8−)	137678	nickel-sirohydrochlorin	rules miss the change	C[C@@]1(CC(=O)[O-])C2=CC3=[N+]4C(=Cc5c(CC(=O)[O-])c(CCC(=O)[O-])c6[n]5[Ni-2]45[N]2C(=CC2=[N+]5C(=C6)C(CCC(=O)[O-])=C2CC(=O)[O-])[C@H]1CCC(=O)[O-])[C@@](C)(CC(=O)[O-])[C@@H]3CCC(=O)[O-]	C[C@@]1(CC(=O)O)C2=CC3=[N+]4C(=Cc5c(CC(=O)O)c(CCC(=O)O)c6[n]5[Ni-2]45[N]2C(=CC2=[N+]5C(=C6)C(CCC(=O)O)=C2CC(=O)O)[C@H]1CCC(=O)O)[C@@](C)(CC(=O)O)[C@@H]3CCC(=O)O
137696	nickel-sirohydrochlorin <em>a</em>,<em>c</em>-diamide	136887	nickel-sirohydrochlorin <em>a</em>,<em>c</em>-diamide(6−)	137696	nickel-sirohydrochlorin <em>a</em>,<em>c</em>-diamide	rules miss the change	C[C@@]1(CC(N)=O)C2=CC3=[N+]4C(=Cc5c(CC(=O)[O-])c(CCC(=O)[O-])c6[n]5[Ni-2]45[N]2C(=CC2=[N+]5C(=C6)C(CCC(=O)[O-])=C2CC(=O)[O-])[C@H]1CCC(=O)[O-])[C@@](C)(CC(N)=O)[C@@H]3CCC(=O)[O-]	C[C@@]1(CC(N)=O)C2=CC3=[N+]4C(=Cc5c(CC(=O)O)c(CCC(=O)O)c6[n]5[Ni-2]45[N]2C(=CC2=[N+]5C(=C6)C(CCC(=O)O)=C2CC(=O)O)[C@H]1CCC(=O)O)[C@@](C)(CC(N)=O)[C@@H]3CCC(=O)O
137699	15,17<small><sup>3</small></sup>-seco-F<small><sub>430</sub></small>-17<small><sup>3</small></sup>-acid	136888	15,17<small><sup>3</small></sup>-seco-F<small><sub>430</sub></small>-17<small><sup>3</small></sup>-acid(5−)	137699	15,17<small><sup>3</small></sup>-seco-F<small><sub>430</sub></small>-17<small><sup>3</small></sup>-acid	rules miss the change	C[C@@]12CC(=O)N[C@@]13C[C@H]1[C@@H](CCC(=O)[O-])[C@](C)(CC(N)=O)C4=[N+]1[Ni-2]15[N]6C(=CC7=[N+]1[C@H](C4)[C@@H](CC(=O)[O-])[C@@H]7CCC(=O)[O-])[C@@H](CCC(=O)[O-])[C@H](CC(=O)[O-])C6=CC(=[N+]35)[C@H]2CCC(=O)[O-]	C[C@@]12CC(=O)N[C@@]13C[C@H]1[C@@H](CCC(=O)O)[C@](C)(CC(N)=O)C4=[N+]1[Ni-2]15[N]6C(=CC7=[N+]1[C@H](C4)[C@@H](CC(=O)O)[C@@H]7CCC(=O)O)[C@@H](CCC(=O)O)[C@H](CC(=O)O)C6=CC(=[N+]35)[C@H]2CCC(=O)O
138275	oxidized <em>Renilla</em> luciferin(1−)	138275	oxidized <em>Renilla</em> luciferin(1−)	17959	oxidized <em>Renilla</em> luciferin	rules pick another ChEBI entity	O=C(Cc1ccccc1)[N-]c1ncc(-c2ccc(O)cc2)nc1Cc1ccccc1	O=C(Cc1ccccc1)Nc1ncc(-c2ccc(O)cc2)nc1Cc1ccccc1
138560	5-amino-1-(5-phospho-β-<small>D</small>-ribosyl)imidazole	137981	5-amino-1-(5-phosphonato-β-<small>D</small>-ribosyl)imidazol-3-ium	138560	5-amino-1-(5-phospho-β-<small>D</small>-ribosyl)imidazole	rules miss the change	Nc1c[nH+]cn1[C@@H]1O[C@H](COP(=O)([O-])[O-])[C@@H](O)[C@H]1O	Nc1cncn1[C@@H]1O[C@H](COP(=O)([O-])[O-])[C@@H](O)[C@H]1O
138948	(4<i>S</i>)-2,3-dehydroleucocyanidin(1−)	138948	(4<i>S</i>)-2,3-dehydroleucocyanidin(1−)	139471	(4<i>S</i>)-2,3-dehydroleucocyanidin	rules pick another ChEBI entity	[O-]C1=C(c2ccc(O)c(O)c2)Oc2cc(O)cc(O)c2[C@@H]1O	OC1=C(c2ccc(O)c(O)c2)Oc2cc(O)cc(O)c2[C@@H]1O
138950	(4<i>S</i>)-2,3-dehydroleucopelargonidin(1−)	138950	(4<i>S</i>)-2,3-dehydroleucopelargonidin(1−)	139472	(4<i>S</i>)-2,3-dehydroleucopelargonidin	rules pick another ChEBI entity	[O-]C1=C(c2ccc(O)cc2)Oc2cc(O)cc(O)c2[C@@H]1O	OC1=C(c2ccc(O)cc2)Oc2cc(O)cc(O)c2[C@@H]1O
139471	(4<i>S</i>)-2,3-dehydroleucocyanidin	138948	(4<i>S</i>)-2,3-dehydroleucocyanidin(1−)	139471	(4<i>S</i>)-2,3-dehydroleucocyanidin	rules miss the change	[O-]C1=C(c2ccc(O)c(O)c2)Oc2cc(O)cc(O)c2[C@@H]1O	OC1=C(c2ccc(O)c(O)c2)Oc2cc(O)cc(O)c2[C@@H]1O
139472	(4<i>S</i>)-2,3-dehydroleucopelargonidin	138950	(4<i>S</i>)-2,3-dehydroleucopelargonidin(1−)	139472	(4<i>S</i>)-2,3-dehydroleucopelargonidin	rules miss the change	[O-]C1=C(c2ccc(O)cc2)Oc2cc(O)cc(O)c2[C@@H]1O	OC1=C(c2ccc(O)cc2)Oc2cc(O)cc(O)c2[C@@H]1O
139506	<em>N</em><small><sup>5</small></sup>-phospho-<small>L</small>-glutamine	139073	<em>N</em><small><sup>5</small></sup>-phospho-<small>L</small>-glutamine(2−)	139506	<em>N</em><small><sup>5</small></sup>-phospho-<small>L</small>-glutamine	rules miss the change	[NH3+][C@@H](CCC(=O)NP(=O)([O-])[O-])C(=O)[O-]	[NH3+][C@@H](CCC(=O)NP(=O)(O)O)C(=O)[O-]
140662	2,4-diacetylphloroglucinol(1−)	140662	2,4-diacetylphloroglucinol(1−)	78688	2,4-diacetylphloroglucinol	rules pick another ChEBI entity	CC(=O)c1c([O-])cc(O)c(C(C)=O)c1O	CC(=O)c1c(O)cc(O)c(C(C)=O)c1O
140741	hypotaurine(1−)	57853	hypotaurine zwitterion	140741	hypotaurine(1−)	rules miss the change	[NH3+]CCS(=O)[O-]	[NH3+]CCS(=O)O
141055	validoxylamine B(1+)	141057	validoxylamine B	141055	validoxylamine B(1+)	rules miss the change	OCC1=C[C@H](N[C@@H]2[C@H](O)[C@@H](O)[C@H](O)[C@@H](CO)[C@H]2O)[C@H](O)[C@@H](O)[C@@H]1O	OCC1=C[C@H]([NH2+][C@@H]2[C@H](O)[C@@H](O)[C@H](O)[C@@H](CO)[C@H]2O)[C@H](O)[C@@H](O)[C@@H]1O
141057	validoxylamine B	141057	validoxylamine B	141055	validoxylamine B(1+)	rules pick another ChEBI entity	OCC1=C[C@H](N[C@@H]2[C@H](O)[C@@H](O)[C@H](O)[C@@H](CO)[C@H]2O)[C@H](O)[C@@H](O)[C@@H]1O	OCC1=C[C@H]([NH2+][C@@H]2[C@H](O)[C@@H](O)[C@H](O)[C@@H](CO)[C@H]2O)[C@H](O)[C@@H](O)[C@@H]1O
142396	<i>trans</i>-feruloylacetyl-CoA	142389	<i>trans</i>-feruloylacetyl-CoA(4−)	142396	<i>trans</i>-feruloylacetyl-CoA	rules miss the change	COc1cc(/C=C/C(=O)CC(=O)SCCNC(=O)CCNC(=O)[C@H](O)C(C)(C)COP(=O)([O-])OP(=O)([O-])OC[C@H]2O[C@@H](n3cnc4c(N)ncnc43)[C@H](O)[C@@H]2OP(=O)([O-])[O-])ccc1O	COc1cc(/C=C/C(=O)CC(=O)SCCNC(=O)CCNC(=O)C(O)C(C)(C)COP(=O)([O-])OP(=O)([O-])OC[C@H]2O[C@@H](n3cnc4c(N)ncnc43)[C@H](O)[C@@H]2OP(=O)([O-])[O-])ccc1O
142501	2-sulfinoacetaldehyde(1−)	142501	2-sulfinoacetaldehyde(1−)	142509	sulfinoacetaldehyde	rules pick another ChEBI entity	O=CCS(=O)[O-]	O=CCS(=O)O
142509	sulfinoacetaldehyde	142501	2-sulfinoacetaldehyde(1−)	142509	sulfinoacetaldehyde	rules miss the change	O=CCS(=O)[O-]	O=CCS(=O)O
142510	isonocardicin A zwitterion	77633	isonocardicin A(2−)	57788	isonocardicin A(1−)	rules pick another ChEBI entity	[NH3+][C@@H](CCOc1ccc(/C(=N/[O-])C(=O)N[C@H]2CN([C@@H](C(=O)[O-])c3ccc(O)cc3)C2=O)cc1)C(=O)[O-]	[NH3+][C@@H](CCOc1ccc(/C(=N/O)C(=O)N[C@H]2CN([C@@H](C(=O)[O-])c3ccc(O)cc3)C2=O)cc1)C(=O)[O-]
142726	rifamycin SV hemiaminal(1−)	142726	rifamycin SV hemiaminal(1−)	142732	rifamycin SV hemiaminal	rules pick another ChEBI entity	CO[C@H]1/C=C/O[C@@]2(C)Oc3c(C)c([O-])c4c(c3C2=O)C(O)=CC(O)(NC(=O)/C(C)=C\C=C\[C@H](C)[C@H](O)[C@@H](C)[C@@H](O)[C@@H](C)[C@H](OC(C)=O)[C@@H]1C)C4=O	CO[C@H]1/C=C/O[C@@]2(C)Oc3c(C)c(O)c4c(c3C2=O)C(O)=CC(O)(NC(=O)/C(C)=C\C=C\[C@H](C)[C@H](O)[C@@H](C)[C@@H](O)[C@@H](C)[C@H](OC(C)=O)[C@@H]1C)C4=O
142801	3,6,7,9-tetrahydroxy-3-methyl-2,3-dihydro-1<em>H</em>-naphtho[2,1-<em>b</em>]pyran-1-one	142802	3,6,7,9-tetrahydroxy-3-methyl-2,3-dihydro-1<em>H</em>-naphtho[2,1-<em>b</em>]pyran-1-one(1−)	142801	3,6,7,9-tetrahydroxy-3-methyl-2,3-dihydro-1<em>H</em>-naphtho[2,1-<em>b</em>]pyran-1-one	rules miss the change	CC1(O)CC(=O)c2c(cc([O-])c3c(O)cc(O)cc23)O1	CC1(O)CC(=O)c2c(cc(O)c3c(O)cc(O)cc23)O1
142802	3,6,7,9-tetrahydroxy-3-methyl-2,3-dihydro-1<em>H</em>-naphtho[2,1-<em>b</em>]pyran-1-one(1−)	142802	3,6,7,9-tetrahydroxy-3-methyl-2,3-dihydro-1<em>H</em>-naphtho[2,1-<em>b</em>]pyran-1-one(1−)	142801	3,6,7,9-tetrahydroxy-3-methyl-2,3-dihydro-1<em>H</em>-naphtho[2,1-<em>b</em>]pyran-1-one	rules pick another ChEBI entity	CC1(O)CC(=O)c2c(cc([O-])c3c(O)cc(O)cc23)O1	CC1(O)CC(=O)c2c(cc(O)c3c(O)cc(O)cc23)O1
142872	demethyldeoxyspectinabilin(1−)	142872	demethyldeoxyspectinabilin(1−)	142931	demethyldeoxyspectinabilin	rules pick another ChEBI entity	CC(=C\C(C)=C\c1ccc([N+](=O)[O-])cc1)/C=C(C)/C=C(\C)CCc1oc([O-])c(C)c(=O)c1C	CC(=C\C(C)=C\c1ccc([N+](=O)[O-])cc1)/C=C(C)/C=C(\C)CCc1oc(O)c(C)c(=O)c1C
142931	demethyldeoxyspectinabilin	142872	demethyldeoxyspectinabilin(1−)	142931	demethyldeoxyspectinabilin	rules miss the change	CC(=C\C(C)=C\c1ccc([N+](=O)[O-])cc1)/C=C(C)/C=C(\C)CCc1oc([O-])c(C)c(=O)c1C	CC(=C\C(C)=C\c1ccc([N+](=O)[O-])cc1)/C=C(C)/C=C(\C)CCc1oc(O)c(C)c(=O)c1C
144197	Polyporic acid	192516	polyporic acid anion(1−)	144197	Polyporic acid	rules miss the change	O=C1C(O)=C(c2ccccc2)C(=O)C([O-])=C1c1ccccc1	O=C1C([O-])=C(c2ccccc2)C(=O)C([O-])=C1c1ccccc1
144742	2',3,4-trihydroxy-<i>trans</i>-chalcone	144744	2',3,4-trihydroxy-<i>trans</i>-chalcone(1−)	144742	2',3,4-trihydroxy-<i>trans</i>-chalcone	rules miss the change	O=C(/C=C/c1ccc(O)c(O)c1)c1ccccc1[O-]	O=C(/C=C/c1ccc(O)c(O)c1)c1ccccc1O
144744	2',3,4-trihydroxy-<i>trans</i>-chalcone(1−)	144744	2',3,4-trihydroxy-<i>trans</i>-chalcone(1−)	144742	2',3,4-trihydroxy-<i>trans</i>-chalcone	rules pick another ChEBI entity	O=C(/C=C/c1ccc(O)c(O)c1)c1ccccc1[O-]	O=C(/C=C/c1ccc(O)c(O)c1)c1ccccc1O
144864	3,6-dichloropyridine-2,5-diol	147301	3,6-dichloropyridine-2,5-diol(1−)	144864	3,6-dichloropyridine-2,5-diol	rules miss the change	[O-]c1cc(Cl)c(O)nc1Cl	Oc1cc(Cl)c(O)nc1Cl
144897	1-piperideinium	144897	1-piperideinium	47858	1-piperideine	rules pick another ChEBI entity	C1=[NH+]CCCC1	C1=NCCCC1
144922	3,6-dihydroxypyridine-2,5-dione	144866	3,6-dihydroxypyridine-2,5-dione(1−)	144922	3,6-dihydroxypyridine-2,5-dione	rules miss the change	O=C1C=C(O)C(=O)N=C1[O-]	O=C1C=C([O-])C(=O)N=C1O
145693	delphinidin 3-<em>O</em>-rutinoside-7-<em>O</em>-β-<small>D</small>-glucoside	145695	delphinidin 3-<em>O</em>-rutinoside-7-<em>O</em>-β-<small>D</small>-glucoside betaine	145693	delphinidin 3-<em>O</em>-rutinoside-7-<em>O</em>-β-<small>D</small>-glucoside	rules miss the change	C[C@@H]1O[C@@H](OC[C@H]2O[C@@H](Oc3cc4c([O-])cc(O[C@@H]5O[C@H](CO)[C@@H](O)[C@H](O)[C@H]5O)cc4[o+]c3-c3cc(O)c(O)c(O)c3)[C@H](O)[C@@H](O)[C@@H]2O)[C@H](O)[C@H](O)[C@H]1O	C[C@@H]1O[C@@H](OC[C@H]2O[C@@H](Oc3cc4c(O)cc(O[C@@H]5O[C@H](CO)[C@@H](O)[C@H](O)[C@H]5O)cc4[o+]c3-c3cc(O)c(O)c(O)c3)[C@H](O)[C@@H](O)[C@@H]2O)[C@H](O)[C@H](O)[C@H]1O
145787	quercetin 3-<em>O</em>-[(6-<em>O</em>-caffeoyl-β-<small>D</small>-glucosyl)-(1→2)-β-<small>D</small>-glucoside]	144440	quercetin 3-<em>O</em>-[(6-<em>O</em>-caffeoyl-β-<small>D</small>-glucosyl)-(1→2)-β-<small>D</small>-glucoside](2−)	145787	quercetin 3-<em>O</em>-[(6-<em>O</em>-caffeoyl-β-<small>D</small>-glucosyl)-(1→2)-β-<small>D</small>-glucoside]	rules miss the change	O=C(/C=C/c1ccc(O)c(O)c1)OC[C@H]1O[C@@H](O[C@H]2[C@H](Oc3c(-c4ccc(O)c(O)c4)oc4cc([O-])cc([O-])c4c3=O)O[C@H](CO)[C@@H](O)[C@@H]2O)[C@H](O)[C@@H](O)[C@@H]1O	O=C(/C=C/c1ccc(O)c(O)c1)OC[C@H]1O[C@@H](O[C@H]2[C@H](Oc3c(-c4ccc(O)c(O)c4)oc4cc([O-])cc(O)c4c3=O)O[C@H](CO)[C@@H](O)[C@@H]2O)[C@H](O)[C@@H](O)[C@@H]1O
145788	myricetin 3-<em>O</em>-[(6-<em>O</em>-<i>trans</i>-4-coumaroyl-β-<small>D</small>-glucosyl)-(1→2)-α-<small>L</small>-rhamnoside]	144445	myricetin 3-<em>O</em>-[(6-<em>O</em>-<i>trans</i>-4-coumaroyl-β-<small>D</small>-glucosyl)-(1→2)-α-<small>L</small>-rhamnoside](2−)	145788	myricetin 3-<em>O</em>-[(6-<em>O</em>-<i>trans</i>-4-coumaroyl-β-<small>D</small>-glucosyl)-(1→2)-α-<small>L</small>-rhamnoside]	rules miss the change	C[C@@H]1O[C@@H](Oc2c(-c3cc(O)c(O)c(O)c3)oc3cc([O-])cc([O-])c3c2=O)[C@H](O[C@@H]2O[C@H](COC(=O)/C=C/c3ccc(O)cc3)[C@@H](O)[C@H](O)[C@H]2O)[C@H](O)[C@H]1O	C[C@@H]1O[C@@H](Oc2c(-c3cc(O)c(O)c(O)c3)oc3cc([O-])cc(O)c3c2=O)[C@H](O[C@@H]2O[C@H](COC(=O)/C=C/c3ccc(O)cc3)[C@@H](O)[C@H](O)[C@H]2O)[C@H](O)[C@H]1O
145839	norrubrofusarin(1−)	145839	norrubrofusarin(1−)	81264	norrubrofusarin	rules pick another ChEBI entity	Cc1cc(=O)c2c([O-])c3c(O)cc(O)cc3cc2o1	Cc1cc(=O)c2c(O)c3c(O)cc(O)cc3cc2o1
145840	ustilaginoidin A(2−)	145840	ustilaginoidin A(2−)	146013	ustilaginoidin A	rules pick another ChEBI entity	Cc1cc(=O)c2c([O-])c3c(O)cc(O)c(-c4c(O)cc(O)c5c([O-])c6c(=O)cc(C)oc6cc45)c3cc2o1	Cc1cc(=O)c2c(O)c3c(O)cc(O)c(-c4c(O)cc(O)c5c(O)c6c(=O)cc(C)oc6cc45)c3cc2o1
145894	rubrofusarin(1−)	145894	rubrofusarin(1−)	8908	rubrofusarin	rules pick another ChEBI entity	COc1cc(O)c2c([O-])c3c(=O)cc(C)oc3cc2c1	COc1cc(O)c2c(O)c3c(=O)cc(C)oc3cc2c1
145902	1,2,3,4,6-pentakis-<em>O</em>-galloyl-β-<small>D</small>-glucose(1−)	145902	1,2,3,4,6-pentakis-<em>O</em>-galloyl-β-<small>D</small>-glucose(1−)	18082	1,2,3,4,6-pentakis-<em>O</em>-galloyl-β-<small>D</small>-glucose	rules pick another ChEBI entity	O=C(OC[C@H]1O[C@@H](OC(=O)c2cc(O)c([O-])c(O)c2)[C@H](OC(=O)c2cc(O)c(O)c(O)c2)[C@@H](OC(=O)c2cc(O)c(O)c(O)c2)[C@@H]1OC(=O)c1cc(O)c(O)c(O)c1)c1cc(O)c(O)c(O)c1	O=C(OC[C@H]1O[C@@H](OC(=O)c2cc(O)c(O)c(O)c2)[C@H](OC(=O)c2cc(O)c(O)c(O)c2)[C@@H](OC(=O)c2cc(O)c(O)c(O)c2)[C@@H]1OC(=O)c1cc(O)c(O)c(O)c1)c1cc(O)c(O)c(O)c1
145905	tellimagrandin II(2−)	145905	tellimagrandin II(2−)	4916	eugeniin	rules pick another ChEBI entity	O=C(O[C@@H]1O[C@@H]2COC(=O)c3cc(O)c(O)c(O)c3-c3c(cc(O)c(O)c3[O-])C(=O)O[C@H]2[C@H](OC(=O)c2cc(O)c(O)c(O)c2)[C@H]1OC(=O)c1cc(O)c(O)c(O)c1)c1cc(O)c([O-])c(O)c1	O=C(O[C@@H]1O[C@@H]2COC(=O)c3cc(O)c(O)c(O)c3-c3c(cc(O)c(O)c3O)C(=O)O[C@H]2[C@H](OC(=O)c2cc(O)c(O)c(O)c2)[C@H]1OC(=O)c1cc(O)c(O)c(O)c1)c1cc(O)c(O)c(O)c1
145987	julichrome Q<small><sub>6-6</sub></small>	146003	julichrome Q<small><sub>6-6</sub></small>(1−)	145987	julichrome Q<small><sub>6-6</sub></small>	rules miss the change	CC(=O)O[C@H](C)[C@@H]1c2cc3ccc(-c4ccc5cc6c(c(O)c5c4O)C(=O)C[C@](C)(O)[C@@H]6[C@@H](C)OC(C)=O)c(O)c3c([O-])c2C(=O)C[C@]1(C)O	CC(=O)O[C@H](C)[C@@H]1c2cc3ccc(-c4ccc5cc6c(c(O)c5c4O)C(=O)C[C@](C)(O)[C@@H]6[C@@H](C)OC(C)=O)c(O)c3c(O)c2C(=O)C[C@]1(C)O
145990	4,7-dihydroxy-5-methylcoumarin(1−)	145990	4,7-dihydroxy-5-methylcoumarin(1−)	146006	4,7-dihydroxy-5-methylcoumarin	rules pick another ChEBI entity	Cc1cc(O)cc2oc(=O)cc([O-])c12	Cc1cc(O)cc2oc(=O)cc(O)c12
145992	orlandin(1−)	145992	orlandin(1−)	64473	orlandin	rules pick another ChEBI entity	COc1cc(=O)oc2c(-c3c(O)cc(C)c4c(OC)cc(=O)oc34)c([O-])cc(C)c12	COc1cc(=O)oc2c(-c3c(O)cc(C)c4c(OC)cc(=O)oc34)c(O)cc(C)c12
146001	aurasperone A(2−)	146001	aurasperone A(2−)	133760	aurasperone A	rules pick another ChEBI entity	COc1cc(OC)c2c([O-])c3c(=O)cc(C)oc3c(-c3c(OC)cc4cc5oc(C)cc(=O)c5c([O-])c4c3OC)c2c1	COc1cc(OC)c2c(O)c3c(=O)cc(C)oc3c(-c3c(OC)cc4cc5oc(C)cc(=O)c5c(O)c4c3OC)c2c1
146003	julichrome Q<small><sub>6-6</sub></small>(1−)	146003	julichrome Q<small><sub>6-6</sub></small>(1−)	145987	julichrome Q<small><sub>6-6</sub></small>	rules pick another ChEBI entity	CC(=O)O[C@H](C)[C@@H]1c2cc3ccc(-c4ccc5cc6c(c(O)c5c4O)C(=O)C[C@](C)(O)[C@@H]6[C@@H](C)OC(C)=O)c(O)c3c([O-])c2C(=O)C[C@]1(C)O	CC(=O)O[C@H](C)[C@@H]1c2cc3ccc(-c4ccc5cc6c(c(O)c5c4O)C(=O)C[C@](C)(O)[C@@H]6[C@@H](C)OC(C)=O)c(O)c3c(O)c2C(=O)C[C@]1(C)O
146006	4,7-dihydroxy-5-methylcoumarin	145990	4,7-dihydroxy-5-methylcoumarin(1−)	146006	4,7-dihydroxy-5-methylcoumarin	rules miss the change	Cc1cc(O)cc2oc(=O)cc([O-])c12	Cc1cc(O)cc2oc(=O)cc(O)c12
146013	ustilaginoidin A	145840	ustilaginoidin A(2−)	146013	ustilaginoidin A	rules miss the change	Cc1cc(=O)c2c([O-])c3c(O)cc(O)c(-c4c(O)cc(O)c5c([O-])c6c(=O)cc(C)oc6cc45)c3cc2o1	Cc1cc(=O)c2c(O)c3c(O)cc(O)c(-c4c(O)cc(O)c5c(O)c6c(=O)cc(C)oc6cc45)c3cc2o1
146017	cercosporin(2−)	146017	cercosporin(2−)	3556	cercosporin	rules pick another ChEBI entity	COc1c(C[C@@H](C)O)c2c3c(C[C@@H](C)O)c(OC)c(=O)c4c([O-])cc5c(c6c(cc([O-])c(c1=O)c62)OCO5)c43	COc1c(C[C@@H](C)O)c2c3c(C[C@@H](C)O)c(OC)c(=O)c4c(O)cc5c(c6c(cc(O)c(c1=O)c62)OCO5)c43
146155	ilicicolin A epoxide(1−)	146155	ilicicolin A epoxide(1−)	223879	LL-Z1272alpha epoxide	rules pick another ChEBI entity	C/C(=C\Cc1c([O-])c(Cl)c(C)c(C=O)c1O)CC/C=C(\C)CC[C@@H]1OC1(C)C	C/C(=C\Cc1c(O)c(Cl)c(C)c(C=O)c1O)CC/C=C(\C)CC[C@@H]1OC1(C)C
146157	ascochlorin(1−)	146157	ascochlorin(1−)	156219	ascochlorin	rules pick another ChEBI entity	CC(/C=C/[C@@]1(C)[C@H](C)CCC(=O)[C@@H]1C)=C\Cc1c([O-])c(Cl)c(C)c(C=O)c1O	CC(/C=C/[C@@]1(C)[C@H](C)CCC(=O)[C@@H]1C)=C\Cc1c(O)c(Cl)c(C)c(C=O)c1O
146159	ascofuranol(1−)	146159	ascofuranol(1−)	146279	ascofuranol	rules pick another ChEBI entity	C/C(=C\Cc1c([O-])c(Cl)c(C)c(C=O)c1O)CC/C=C(\C)[C@@H]1C[C@H](O)C(C)(C)O1	C/C(=C\Cc1c(O)c(Cl)c(C)c(C=O)c1O)CC/C=C(\C)[C@@H]1C[C@H](O)C(C)(C)O1
146160	ascofuranone(1−)	146160	ascofuranone(1−)	156148	ascofuranone	rules pick another ChEBI entity	C/C(=C\Cc1c([O-])c(Cl)c(C)c(C=O)c1O)CC/C=C(\C)[C@@H]1CC(=O)C(C)(C)O1	C/C(=C\Cc1c(O)c(Cl)c(C)c(C=O)c1O)CC/C=C(\C)[C@@H]1CC(=O)C(C)(C)O1
146188	glymidine	146189	glymidine(1−)	146188	glymidine	rules miss the change	COCCOc1cnc([N-]S(=O)(=O)c2ccccc2)nc1	COCCOc1cnc(NS(=O)(=O)c2ccccc2)nc1
146189	glymidine(1−)	146189	glymidine(1−)	146188	glymidine	rules pick another ChEBI entity	COCCOc1cnc([N-]S(=O)(=O)c2ccccc2)nc1	COCCOc1cnc(NS(=O)(=O)c2ccccc2)nc1
146260	spectinomycin(1+)	146260	spectinomycin(1+)	77315	spectinomycin(2+)	rules pick another ChEBI entity	CN[C@H]1[C@@H](O)[C@@H]([NH2+]C)[C@H](O)[C@H]2O[C@@H]3O[C@H](C)CC(=O)[C@]3(O)O[C@H]12	C[NH2+][C@@H]1[C@H](O)[C@H]([NH2+]C)[C@H]2O[C@@]3(O)C(=O)C[C@@H](C)O[C@H]3O[C@@H]2[C@H]1O
146279	ascofuranol	146159	ascofuranol(1−)	146279	ascofuranol	rules miss the change	C/C(=C\Cc1c([O-])c(Cl)c(C)c(C=O)c1O)CC/C=C(\C)[C@@H]1C[C@H](O)C(C)(C)O1	C/C(=C\Cc1c(O)c(Cl)c(C)c(C=O)c1O)CC/C=C(\C)[C@@H]1C[C@H](O)C(C)(C)O1
147301	3,6-dichloropyridine-2,5-diol(1−)	147301	3,6-dichloropyridine-2,5-diol(1−)	144864	3,6-dichloropyridine-2,5-diol	rules pick another ChEBI entity	[O-]c1cc(Cl)c(O)nc1Cl	Oc1cc(Cl)c(O)nc1Cl
149565	xylazine(1+)	92386	xylazine	149565	xylazine(1+)	rules miss the change	Cc1cccc(C)c1NC1=NCCCS1	Cc1cccc(C)c1NC1=[NH+]CCCS1
149660	atromentin	149642	atromentin(1−)	149660	atromentin	rules miss the change	O=C1C(O)=C(c2ccc(O)cc2)C(=O)C([O-])=C1c1ccc(O)cc1	O=C1C([O-])=C(c2ccc(O)cc2)C(=O)C([O-])=C1c1ccc(O)cc1
149706	4-hydroxy-6-(pyridin-3-yl)-2<em>H</em>-pyran-2-one	149707	2-oxo-6-(pyridin-3-yl)-2<em>H</em>-pyran-4-olate	149706	4-hydroxy-6-(pyridin-3-yl)-2<em>H</em>-pyran-2-one	rules miss the change	O=c1cc([O-])cc(-c2cccnc2)o1	O=c1cc(O)cc(-c2cccnc2)o1
149707	2-oxo-6-(pyridin-3-yl)-2<em>H</em>-pyran-4-olate	149707	2-oxo-6-(pyridin-3-yl)-2<em>H</em>-pyran-4-olate	149706	4-hydroxy-6-(pyridin-3-yl)-2<em>H</em>-pyran-2-one	rules pick another ChEBI entity	O=c1cc([O-])cc(-c2cccnc2)o1	O=c1cc(O)cc(-c2cccnc2)o1
149836	tigecycline	142708	tigecycline(1+)	149836	tigecycline	rules miss the change	CN(C)c1cc(NC(=O)C[NH2+]C(C)(C)C)c(O)c2c1C[C@H]1C[C@H]3[C@H]([NH+](C)C)C([O-])=C(C(N)=O)C(=O)[C@@]3(O)C(O)=C1C2=O	CN(C)c1cc(NC(=O)C[NH2+]C(C)(C)C)c(O)c2c1C[C@H]1C[C@H]3[C@H]([NH+](C)C)C([O-])=C(C(N)=O)C(=O)[C@@]3(O)C([O-])=C1C2=O
150012	dihydrogeodin(2−)	150012	dihydrogeodin(2−)	155891	dihydrogeodin	rules pick another ChEBI entity	COC(=O)c1cc(O)cc(OC)c1C(=O)c1c([O-])c(Cl)c(C)c(Cl)c1[O-]	COC(=O)c1cc(O)cc(OC)c1C(=O)c1c(O)c(Cl)c(C)c(Cl)c1O
152054	nataloe-emodin	152055	nataloe-emodin(1−)	152054	nataloe-emodin	rules miss the change	Cc1cc(O)c2c(c1)C(=O)c1ccc([O-])c(O)c1C2=O	Cc1cc(O)c2c(c1)C(=O)c1ccc(O)c(O)c1C2=O
152055	nataloe-emodin(1−)	152055	nataloe-emodin(1−)	152054	nataloe-emodin	rules pick another ChEBI entity	Cc1cc(O)c2c(c1)C(=O)c1ccc([O-])c(O)c1C2=O	Cc1cc(O)c2c(c1)C(=O)c1ccc(O)c(O)c1C2=O
152056	cladofulvin	152057	cladofulvin(2−)	152056	cladofulvin	rules miss the change	Cc1cc2c(c(O)c1-c1c(C)cc(O)c3c1C(=O)c1ccc([O-])c(O)c1C3=O)C(=O)c1c(ccc([O-])c1O)C2=O	Cc1cc2c(c(O)c1-c1c(C)cc(O)c3c1C(=O)c1ccc(O)c(O)c1C3=O)C(=O)c1c(ccc(O)c1O)C2=O
152057	cladofulvin(2−)	152057	cladofulvin(2−)	152056	cladofulvin	rules pick another ChEBI entity	Cc1cc2c(c(O)c1-c1c(C)cc(O)c3c1C(=O)c1ccc([O-])c(O)c1C3=O)C(=O)c1c(ccc([O-])c1O)C2=O	Cc1cc2c(c(O)c1-c1c(C)cc(O)c3c1C(=O)c1ccc(O)c(O)c1C3=O)C(=O)c1c(ccc(O)c1O)C2=O
152555	(3-chloro-2,4,6-trihydroxyphenyl)hexan-1-one(1−)	152555	(3-chloro-2,4,6-trihydroxyphenyl)hexan-1-one(1−)	153569	(3-chloro-2,4,6-trihydroxyphenyl)hexan-1-one	rules pick another ChEBI entity	CCCCCC(=O)c1c(O)cc([O-])c(Cl)c1O	CCCCCC(=O)c1c(O)cc(O)c(Cl)c1O
153569	(3-chloro-2,4,6-trihydroxyphenyl)hexan-1-one	152555	(3-chloro-2,4,6-trihydroxyphenyl)hexan-1-one(1−)	153569	(3-chloro-2,4,6-trihydroxyphenyl)hexan-1-one	rules miss the change	CCCCCC(=O)c1c(O)cc([O-])c(Cl)c1O	CCCCCC(=O)c1c(O)cc(O)c(Cl)c1O
155891	dihydrogeodin	150012	dihydrogeodin(2−)	155891	dihydrogeodin	rules miss the change	COC(=O)c1cc(O)cc(OC)c1C(=O)c1c([O-])c(Cl)c(C)c(Cl)c1[O-]	COC(=O)c1cc(O)cc(OC)c1C(=O)c1c(O)c(Cl)c(C)c(Cl)c1O
156148	ascofuranone	146160	ascofuranone(1−)	156148	ascofuranone	rules miss the change	C/C(=C\Cc1c([O-])c(Cl)c(C)c(C=O)c1O)CC/C=C(\C)[C@@H]1CC(=O)C(C)(C)O1	C/C(=C\Cc1c(O)c(Cl)c(C)c(C=O)c1O)CC/C=C(\C)[C@@H]1CC(=O)C(C)(C)O1
156219	ascochlorin	146157	ascochlorin(1−)	156219	ascochlorin	rules miss the change	CC(/C=C/[C@@]1(C)[C@H](C)CCC(=O)[C@@H]1C)=C\Cc1c([O-])c(Cl)c(C)c(C=O)c1O	CC(/C=C/[C@@]1(C)[C@H](C)CCC(=O)[C@@H]1C)=C\Cc1c(O)c(Cl)c(C)c(C=O)c1O
156267	4-hydroxychlorothalonil(1−)	156267	4-hydroxychlorothalonil(1−)	133542	4-hydroxychlorothalonil	rules pick another ChEBI entity	N#Cc1c([O-])c(Cl)c(Cl)c(C#N)c1Cl	N#Cc1c(O)c(Cl)c(Cl)c(C#N)c1Cl
166856	hydroxytrimethylaminium	15724	trimethylamine <em>N</em>-oxide	166856	hydroxytrimethylaminium	rules miss the change	C[N+](C)(C)[O-]	C[N+](C)(C)O
167630	JTE-607 free base	167631	JTE-607 zwitterion	167630	JTE-607 free base	rules miss the change	CCOC(=O)[C@H](Cc1ccccc1)NC(=O)c1cc(Cl)c(OCCN2CC[NH+](C)CC2)c(Cl)c1[O-]	CCOC(=O)[C@H](Cc1ccccc1)NC(=O)c1cc(Cl)c(OCC[NH+]2CCN(C)CC2)c(Cl)c1O
167632	JTE-607(2+)	167631	JTE-607 zwitterion	167632	JTE-607(2+)	rules miss the change	CCOC(=O)[C@H](Cc1ccccc1)NC(=O)c1cc(Cl)c(OCCN2CC[NH+](C)CC2)c(Cl)c1[O-]	CCOC(=O)[C@H](Cc1ccccc1)NC(=O)c1cc(Cl)c(OCC[NH+]2CCN(C)CC2)c(Cl)c1O
167713	6'-chloromelleolide F(1−)	167713	6'-chloromelleolide F(1−)	222614	6'-chloromelleolide F	rules pick another ChEBI entity	Cc1c(Cl)c([O-])cc(O)c1C(=O)O[C@@H]1C[C@]2(C)[C@H]3CC(C)(C)C[C@H]3C=C(CO)[C@]12O	Cc1c(Cl)c(O)cc(O)c1C(=O)O[C@@H]1C[C@]2(C)[C@H]3CC(C)(C)C[C@H]3C=C(CO)[C@]12O
167868	morpholinium	167868	morpholinium	34856	morpholine	rules pick another ChEBI entity	C1COCC[NH2+]1	C1COCCN1
176596	boron-11(3-)	52451	boron-11 atom	176596	boron-11(3-)	rules miss the change	[11B]	[11B-3]
176601	phosphorus-31(3-)	37971	phosphorus-31 atom	176601	phosphorus-31(3-)	rules miss the change	[31P]	[31P-3]
176619	arsenic-75(3-)	176584	arsenic-75 atom	176619	arsenic-75(3-)	rules miss the change	[75As]	[75As-3]
177071	Malvidin-3-O-beta-D-galactoside	193100	malvidin 3-<em>O</em>-β-<small>D</small>-galactoside betaine	177071	Malvidin-3-O-beta-D-galactoside	rules miss the change	COc1cc(-c2[o+]c3cc([O-])cc([O-])c3cc2O[C@@H]2O[C@H](CO)[C@H](O)[C@H](O)[C@H]2O)cc(OC)c1O	COc1cc(-c2[o+]c3cc(O)cc(O)c3cc2O[C@@H]2O[C@H](CO)[C@H](O)[C@H](O)[C@H]2O)cc(OC)c1O
177372	naxagolide	177380	naxagolide(1+)	177372	naxagolide	rules miss the change	CCC[NH+]1CCO[C@@H]2c3cc(O)ccc3CC[C@H]21	CCCN1CCO[C@@H]2c3cc(O)ccc3CC[C@H]21
177380	naxagolide(1+)	177380	naxagolide(1+)	177372	naxagolide	rules pick another ChEBI entity	CCC[NH+]1CCO[C@@H]2c3cc(O)ccc3CC[C@H]21	CCCN1CCO[C@@H]2c3cc(O)ccc3CC[C@H]21
187892	benzamidine(1+)	187892	benzamidine(1+)	41033	benzamidine	rules pick another ChEBI entity	NC(=[NH2+])c1ccccc1	N=C(N)c1ccccc1
187900	(<i>Z</i>)-ω-[(methylsulfanyl)alkyl]thiohydroximate	187900	(<i>Z</i>)-ω-[(methylsulfanyl)alkyl]thiohydroximate	80984	4-Methylthiobutylthiohydroximate	rules pick another ChEBI entity	CSCCC/C([S-])=N/O	CSCCC/C(S)=N/O
188074	rosiglitazone(1−)	188074	rosiglitazone(1−)	50122	rosiglitazone	rules pick another ChEBI entity	CN(CCOc1ccc(CC2SC(=O)[N-]C2=O)cc1)c1ccccn1	CN(CCOc1ccc(CC2SC(=O)NC2=O)cc1)c1ccccn1
189697	(2<i>Z</i>,4<i>E</i>)-2-aminomuconic acid	77859	(2<i>Z</i>,4<i>E</i>)-2-ammoniomuconate(1−)	57937	(2<i>Z</i>,4<i>E</i>)-2-aminomuconate(2−)	rules pick another ChEBI entity	[NH3+]/C(=C\C=C\C(=O)[O-])C(=O)[O-]	N/C(=C\C=C\C(=O)[O-])C(=O)[O-]
189702	poly-γ-<small>D</small>-glutamate polyanion	189702	poly-γ-<small>D</small>-glutamate polyanion	29986	<small>D</small>-glutamate(1−)	rules pick another ChEBI entity	N[C@H](CCC(=O)[O-])C(=O)[O-]	[NH3+][C@H](CCC(=O)[O-])C(=O)[O-]
190288	hispidin(1−)	190288	hispidin(1−)	36332	hispidin	rules pick another ChEBI entity	O=c1cc([O-])cc(/C=C/c2ccc(O)c(O)c2)o1	O=c1cc(O)cc(/C=C/c2ccc(O)c(O)c2)o1
192371	1,6-dihydroxyphenazine <em>N</em><small><sup>5</small></sup>-oxide(1−)	192371	1,6-dihydroxyphenazine <em>N</em><small><sup>5</small></sup>-oxide(1−)	192384	1,6-dihydroxyphenazine <em>N</em><small><sup>5</small></sup>-oxide	rules pick another ChEBI entity	[O-]c1cccc2nc3c(O)cccc3[n+]([O-])c12	[O-][n+]1c2cccc(O)c2nc2cccc(O)c21
192375	8-hydroxyquinoline <em>N</em>-oxide	192492	8-hydroxyquinoline <em>N</em>-oxide(1−)	192375	8-hydroxyquinoline <em>N</em>-oxide	rules miss the change	[O-]c1cccc2ccc[n+]([O-])c12	[O-][n+]1cccc2cccc(O)c21
192492	8-hydroxyquinoline <em>N</em>-oxide(1−)	192492	8-hydroxyquinoline <em>N</em>-oxide(1−)	192375	8-hydroxyquinoline <em>N</em>-oxide	rules pick another ChEBI entity	[O-]c1cccc2ccc[n+]([O-])c12	[O-][n+]1cccc2cccc(O)c21
193050	trifluoroacetic acid-d1	27110	trifluoroacetate	193050	trifluoroacetic acid-d1	rules miss the change	O=C([O-])C(F)(F)F	
193065	griseophenone C(1−)	193065	griseophenone C(1−)	81997	Griseophenone C	rules pick another ChEBI entity	COc1cc([O-])c(C(=O)c2c(C)cc(O)cc2OC)c(O)c1	COc1cc(O)c(C(=O)c2c(C)cc(O)cc2OC)c(O)c1
193066	griseophenone B(2−)	193066	griseophenone B(2−)	81998	Griseophenone B	rules pick another ChEBI entity	COc1cc([O-])c(C(=O)c2c(C)cc(O)cc2OC)c([O-])c1Cl	COc1cc(O)c(C(=O)c2c(C)cc(O)cc2OC)c(O)c1Cl
195527	2,6,9-trimethyl-13-oxatetracyclo[6.3.1.1<small><sup>6,9</small></sup>.0<small><sup>1,5</small></sup>]tridecane carbocation	195527	2,6,9-trimethyl-13-oxatetracyclo[6.3.1.1<small><sup>6,9</small></sup>.0<small><sup>1,5</small></sup>]tridecane carbocation	194089	2,6,9-trimethyl-13-oxatetracyclo[6.3.1.1<small><sup>6,9</small></sup>.0<small><sup>1,5</small></sup>]tridecane	rules pick another ChEBI entity	CC1CCC2C3(C)[CH+]C4CC12CCC4(C)O3	CC1CCC2C3(C)CC4CC12CCC4(C)O3
195815	2,3-decadienoic acid	195815	2,3-decadienoic acid	143529	(2<i>E</i>)-decenoate	rules pick another ChEBI entity	CCCCCC[CH+]/C=C/C(=O)[O-]	CCCCCCC/C=C/C(=O)[O-]
222614	6'-chloromelleolide F	167713	6'-chloromelleolide F(1−)	222614	6'-chloromelleolide F	rules miss the change	Cc1c(Cl)c([O-])cc(O)c1C(=O)O[C@@H]1C[C@]2(C)[C@H]3CC(C)(C)C[C@H]3C=C(CO)[C@]12O	Cc1c(Cl)c(O)cc(O)c1C(=O)O[C@@H]1C[C@]2(C)[C@H]3CC(C)(C)C[C@H]3C=C(CO)[C@]12O
223879	LL-Z1272alpha epoxide	146155	ilicicolin A epoxide(1−)	223879	LL-Z1272alpha epoxide	rules miss the change	C/C(=C\Cc1c([O-])c(Cl)c(C)c(C=O)c1O)CC/C=C(\C)CC[C@@H]1OC1(C)C	C/C(=C\Cc1c(O)c(Cl)c(C)c(C=O)c1O)CC/C=C(\C)CC[C@@H]1OC1(C)C
224037	3-sulfinato-<small>L</small>-alaninate(2−)	61085	3-sulfino-<small>L</small>-alanine(1−)	224037	3-sulfinato-<small>L</small>-alaninate(2−)	rules miss the change	[NH3+][C@@H](CS(=O)[O-])C(=O)[O-]	[NH3+][C@@H](CS(=O)O)C(=O)[O-]
225479	SB-203207	232091	SB-203207(2−)	225479	SB-203207	rules miss the change	CC[C@H](C)[C@H](N)C(=O)[N-]S(=O)(=O)CC(=O)N[C@]1(C(=O)[O-])[C@@H]2CN(C)C=C(C(N)=O)[C@@H]2C[C@@H]1O	CC[C@H](C)[C@H]([NH3+])C(=O)[N-]S(=O)(=O)CC(=O)N[C@]1(C(=O)[O-])[C@@H]2CN(C)C=C(C(N)=O)[C@@H]2C[C@@H]1O
229687	pentostatin(1+)	229687	pentostatin(1+)	27834	pentostatin	rules pick another ChEBI entity	OC[C@H]1O[C@@H](n2cnc3c2[NH+]=CNC[C@H]3O)C[C@@H]1O	OC[C@H]1O[C@@H](n2cnc3c2N=CNC[C@H]3O)C[C@@H]1O
229729	herquline C	229730	herquline C(1+)	229729	herquline C	rules miss the change	CN1C[C@@H]2CC3=C[C@@H](C(=O)CC3)[C@H]3C=C(CCC3=O)C[C@H]1C[NH2+]2	C[NH+]1C[C@@H]2CC3=C[C@@H](C(=O)CC3)[C@H]3C=C(CCC3=O)C[C@H]1CN2
232367	tetrahydroindazole	140644	tetrachlorantraniliprole	232367	tetrahydroindazole	rules miss the change	CNC(=O)c1cc(Cl)cc(Cl)c1NC(=O)c1cc(Br)nn1-c1ncc(Cl)cc1Cl	C/N=C(\O)c1cc(Cl)cc(Cl)c1/N=C(\O)c1cc(Br)nn1-c1ncc(Cl)cc1Cl
233587	aflatoxin B<small><sub>1</sub></small> <em>C</em><small><sup>6a</small></sup>-monoaldehyde(1−)	233587	aflatoxin B<small><sub>1</sub></small> <em>C</em><small><sup>6a</small></sup>-monoaldehyde(1−)	82583	alpha-(1,2-Dihydroxyethyl)-1,2,3,4-tetrahydro-7-hydroxy-9-methoxy-3,4-dioxocyclopenta[c][1]benzopyran-6-acetaldehyde	rules pick another ChEBI entity	COc1cc([O-])c(C(C=O)C(O)CO)c2oc(=O)c3c(c12)CCC3=O	COc1cc(O)c(C(C=O)C(O)CO)c2oc(=O)c3c(c12)CCC3=O
233588	aflatoxin B<small><sub>1</sub></small> <em>C</em><small><sup>8</small></sup>-monoaldehyde(1−)	233588	aflatoxin B<small><sub>1</sub></small> <em>C</em><small><sup>8</small></sup>-monoaldehyde(1−)	82582	1,2,3,4-Tetrahydro-alpha,7-dihydroxy-beta-(hydroxymethyl)-9-methoxy-3,4-dioxocyclopenta[c][1]benzopyran-6-propanal	rules pick another ChEBI entity	COc1cc([O-])c(C(CO)C(O)C=O)c2oc(=O)c3c(c12)CCC3=O	COc1cc(O)c(C(CO)C(O)C=O)c2oc(=O)c3c(c12)CCC3=O
234006	questinol(1−)	234006	questinol(1−)	81349	questinol	rules pick another ChEBI entity	COc1cc([O-])cc2c1C(=O)c1c(O)cc(CO)cc1C2=O	COc1cc(O)cc2c1C(=O)c1c(O)cc(CO)cc1C2=O
234435	punicalagin(4−)	234435	punicalagin(4−)	167695	punicalagin	rules pick another ChEBI entity	O=C1O[C@H]2C(O)O[C@@H]3COC(=O)c4cc(O)c(O)c(O)c4-c4c([O-])c(O)c5oc(=O)c6c(c([O-])c(O)c7oc(=O)c4c5c76)-c4c(cc(O)c(O)c4[O-])C(=O)O[C@H]3[C@@H]2OC(=O)c2cc(O)c(O)c(O)c2-c2c1cc(O)c(O)c2[O-]	O=C1O[C@H]2[C@@H]3OC(=O)c4cc(O)c(O)c(O)c4-c4c(O)c(O)c5oc(=O)c6c(c(O)c(O)c7oc(=O)c4c5c76)-c4c(cc(O)c(O)c4O)C(=O)OC[C@H]3OC(O)[C@@H]2OC(=O)c2cc(O)c(O)c(O)c2-c2c1cc(O)c(O)c2O
234446	punicalin(2−)	234446	punicalin(2−)	167696	Punicalin	rules pick another ChEBI entity	O=C1OC[C@H]2OC(O)[C@H](O)[C@@H](O)[C@@H]2OC(=O)c2cc(O)c(O)c(O)c2-c2c([O-])c(O)c3oc(=O)c4c(c([O-])c(O)c5oc(=O)c2c3c54)-c2c1cc(O)c(O)c2O	O=C1OC[C@H]2OC(O)[C@H](O)[C@@H](O)[C@@H]2OC(=O)c2cc(O)c(O)c(O)c2-c2c(O)c(O)c3oc(=O)c4c(c(O)c(O)c5oc(=O)c2c3c54)-c2c1cc(O)c(O)c2O
234560	thenoyltrifluoroacetone	25461	myxothiazol	234560	thenoyltrifluoroacetone	rules miss the change	CO/C(=C/C(N)=O)[C@H](C)[C@H](/C=C/c1csc(-c2csc([C@@H](C)/C=C/C=C/C(C)C)n2)n1)OC	CO/C(=C/C(=N)O)[C@H](C)[C@H](/C=C/c1csc(-c2csc([C@@H](C)/C=C/C=C/C(C)C)n2)n1)OC
235343	ellagic acid(2−)	235343	ellagic acid(2−)	4775	ellagic acid	rules pick another ChEBI entity	O=c1oc2c(O)c([O-])cc3c(=O)oc4c(O)c([O-])cc1c4c23	O=c1oc2c(O)c(O)cc3c(=O)oc4c(O)c(O)cc1c4c23
599440	amorolfine	86380	amorolfine(1+)	599440	amorolfine	rules miss the change	CCC(C)(C)c1ccc(CC(C)C[NH+]2C[C@@H](C)O[C@@H](C)C2)cc1	CCC(C)(C)c1ccc(CC(C)CN2C[C@@H](C)O[C@@H](C)C2)cc1
